# NOTES (pandas: read_csv(..., comment="#"))
# CNN-LSTM+Attention seed=42; min n_test_samples >= 30; stations below threshold excluded.
# Predictions: CUDA+autocast re-inference from cnn_lstm_attention_h{1,4}_seed42.pt (no saved y_pred arrays on disk).
# station_id aligned via rebuild_test_meta; lat/lon/name from feature_engineered_v2.csv (deduplicated).
# Provenance: distinct eval run, deterministic Attention (no dropout/BN) — same convention as Features 3–5.
# Cross-reference (Section 5b): The strong correlation between station RMSE and station rainfall variance (r=0.89-0.93) is consistent with, and best interpreted alongside, the Extreme Rainfall Subset Evaluation (Feature 4/Section 5b): high-RMSE stations are largely those with more frequent or more severe extreme-rainfall days, and all three deep learning models (LSTM, Temporal, Attention) showed 8-10x worse RMSE on extreme vs normal days regardless of station. This map does not indicate a distinct new failure mode - it is the geographic expression of the same extreme-rainfall difficulty already documented in Section 5b.
station_id,station_name,latitude,longitude,horizon,n_test_samples,RMSE,MAE

Agartala_23.88_91.25_15,Agartala,23.8833,91.25,1,373,20.682684,7.7147493

Agatti / Kavaratti_10.82_72.18_4,Agatti / Kavaratti,10.8237,72.176,1,336,10.4498005,5.2911596

Agra_27.15_77.97_168,Agra,27.15,77.9667,1,337,4.6023655,2.268822

Agra_27.17_78.03_168,Agra,27.1667,78.0333,1,337,4.6023655,2.268822

Agumbe_13.5_75.08_658,Agumbe,13.5,75.0833,1,306,10.690547,5.4696603

Ahmadabad_23.07_72.63_55,Ahmadabad,23.0667,72.6333,1,342,8.962614,2.9509232

Ahmadnagar_19.08_74.8_655,Ahmadnagar,19.0833,74.8,1,337,4.808634,2.0231135

Aijal_23.73_92.72_0,Aijal,23.7333,92.7167,1,335,6.5606174,3.131751

Ajmer_26.45_74.62_485,Ajmer,26.45,74.6167,1,375,7.25477,2.510843

Akola_20.7_77.03_280,Akola,20.7,77.0333,1,341,8.418925,3.1202555

Akola_20.7_77.07_305,Akola,20.7,77.0667,1,341,8.028088,2.9917548

Alapuzha_9.55_76.42_2,Alapuzha,9.55,76.4167,1,335,8.207328,4.9653172

Alibag_18.63_72.87_5,Alibag,18.6333,72.8667,1,337,10.295885,4.4520917

Aligarh_27.88_78.07_186,Aligarh,27.8833,78.0667,1,337,4.075452,1.8992858

Allahabad / Bamhrauli_25.45_81.73_97,Allahabad / Bamhrauli,25.45,81.7333,1,335,4.810373,2.7175157

Alwar_27.5_76.58_270,Alwar,27.5,76.5833,1,337,4.8376575,2.0400343

Ambala_30.38_76.77_271,Ambala,30.3833,76.7667,1,340,4.6424923,2.246281

Ambala / Amb?la_30.4_76.77_958,Ambala / Amb?la,30.4,76.7667,1,337,9.717688,2.9666429

Ambikapur_23.17_83.25_596,Ambikapur,23.1667,83.25,1,343,10.744497,3.6427753

Amini Divi_11.12_72.73_3,Amini Divi,11.1167,72.7333,1,344,12.99482,5.9514832

Amraoti_20.93_77.78_367,Amraoti,20.9333,77.7833,1,375,7.842257,3.1529968

Amreli_21.6_71.22_0,Amreli,21.6,71.2167,1,337,11.035905,2.4036036

Amritsar_31.63_74.87_229,Amritsar,31.6333,74.8667,1,339,6.9214773,2.6828353

Anantapur_14.68_77.62_349,Anantapur,14.6833,77.6167,1,341,6.557995,2.7160132

Angul_20.83_85.1_137,Angul,20.8333,85.1,1,337,6.708417,3.2995515

Arogyavaram_13.53_78.5_696,Arogyavaram,13.5333,78.5,1,336,3.7233803,2.0211856

Atiramapattinam_10.33_79.38_4,Atiramapattinam,10.3333,79.3833,1,335,6.2846823,3.2462702

Aurangabad_19.88_75.33_579,Aurangabad,19.8833,75.3333,1,342,7.3179374,2.545553

Aurangabad Chikalthan Aerodrome_19.85_75.4_582,Aurangabad Chikalthan Aerodrome,19.85,75.4,1,342,7.3179374,2.545553

Bagalkote / Mangoli_16.7_75.75_524,Bagalkote / Mangoli,16.7,75.75,1,337,5.148573,2.190122

Bagati_22.98_88.37_0,Bagati,22.9833,88.3667,1,335,9.337199,3.995391

Bahraich_27.57_81.6_122,Bahraich,27.5667,81.6,1,341,13.523653,3.749714

Balasore_21.52_86.93_18,Balasore,21.5167,86.9333,1,344,9.43412,4.0055876

Balurghat_25.22_88.78_0,Balurghat,25.2167,88.7833,1,335,7.728101,3.5923555

Banda_25.47_80.37_120,Banda,25.4667,80.3667,1,335,4.2788897,2.0565786

Bangalore_12.97_77.58_920,Bangalore,12.9667,77.5833,1,339,5.815906,2.4865043

Bangalore / Bengaluru / Devenahalli / BIAL 2 Wheeler Parking_13.2_77.71_897,Bangalore / Bengaluru / Devenahalli / BIAL 2 Wheeler Parking,13.1979,77.7063,1,339,5.930331,2.815324

Bangalore / Hindustan Airport_12.95_77.63_888,Bangalore / Hindustan Airport,12.95,77.6333,1,339,8.930218,3.64464

Banihal_33.5_75.17_1624,Banihal,33.5,75.1667,1,336,7.345955,3.5531926

Bankura_23.25_87.05_0,Bankura,23.25,87.05,1,335,6.391755,3.2238123

Bapatla_15.9_80.47_0,Bapatla,15.9,80.4667,1,337,4.676713,2.56039

Baramati_18.15_74.58_550,Baramati,18.15,74.5833,1,337,4.4373255,1.9149306

Barapani / Bara Pani_25.7_91.97_893,Barapani / Bara Pani,25.7,91.9667,1,335,9.700094,4.3765645

Bareilly_28.37_79.4_167,Bareilly,28.3667,79.4,1,340,8.191705,3.3489175

Baripada_21.93_86.77_53,Baripada,21.9333,86.7667,1,337,6.1970906,3.3572278

Barmer_25.75_71.38_193,Barmer,25.75,71.3833,1,344,4.8954196,1.6266494

Baroda / Vadodara_22.3_73.25_34,Baroda / Vadodara,22.3,73.25,1,335,9.6221895,2.8653445

Baroda Aerodrome_22.33_73.27_37,Baroda Aerodrome,22.3333,73.2667,1,335,9.6221895,2.8653445

Belgaum_15.85_74.53_751,Belgaum,15.85,74.5333,1,339,6.6745777,3.088822

Belgaum / Sambra_15.85_74.62_758,Belgaum / Sambra,15.85,74.6167,1,339,5.297551,2.3532336

Bellary_15.15_76.85_448,Bellary,15.15,76.85,1,335,3.9755824,1.8770663

Berhampore_24.13_88.27_18,Berhampore,24.1333,88.2667,1,335,6.1290874,3.1254842

Betul_21.87_77.93_652,Betul,21.8667,77.9333,1,337,5.2199774,2.5678716

Bhagalpur_25.23_86.95_44,Bhagalpur,25.2333,86.95,1,336,7.385224,3.2553234

Bhatinda_30.17_74.58_207,Bhatinda,30.1667,74.5833,1,337,3.3622818,1.7331432

Bhaunagar_21.75_72.2_5,Bhaunagar,21.75,72.2,1,338,4.8258753,2.0223973

Bhawanipatna_19.92_83.18_261,Bhawanipatna,19.9167,83.1833,1,337,6.0423045,2.53012

Bhilwara_25.35_74.63_421,Bhilwara,25.35,74.6333,1,337,8.399727,2.4057748

Bhopal / Bairagarh_23.28_77.35_523,Bhopal / Bairagarh,23.2833,77.35,1,340,12.519548,4.3666463

Bhubaneswar_20.25_85.83_45,Bhubaneswar,20.25,85.8333,1,376,8.712957,4.030748

Bhuj-Rudramata_23.25_69.67_78,Bhuj-Rudramata,23.25,69.6667,1,373,7.4968004,2.3666127

Bhuntar_31.83_77.17_0,Bhuntar,31.8333,77.1667,1,337,8.787868,3.355475

Bidar Airport_17.92_77.53_663,Bidar Airport,17.9167,77.5333,1,337,3.81716,1.8936381

Bijapur_16.82_75.72_593,Bijapur,16.8167,75.7167,1,337,5.610369,2.278185

Bikaner_28.0_73.3_223,Bikaner,28.0,73.3,1,337,4.5279136,1.7854491

Bilaspur_31.25_76.67_589,Bilaspur,31.25,76.6667,1,337,4.618705,2.222513

Bombay / Colaba_18.9_72.82_10,Bombay / Colaba,18.9,72.8167,1,375,10.328064,5.6277246

Bombay / Juhu_19.12_72.83_4,Bombay / Juhu,19.1167,72.8333,1,375,8.72947,4.090946

Bombay / Santacruz_19.12_72.85_8,Bombay / Santacruz,19.1167,72.85,1,375,21.958708,7.306441

Bramhapuri_20.6_79.85_227,Bramhapuri,20.6,79.85,1,337,10.170252,3.588003

Buldana_20.53_76.23_648,Buldana,20.5333,76.2333,1,342,8.394852,3.4311113

Bulsar_20.62_72.93_0,Bulsar,20.6167,72.9333,1,337,7.7642503,3.1541383

Bundi_25.45_75.63_266,Bundi,25.45,75.6333,1,337,9.43845,2.6669607

Burdwan_23.23_87.85_0,Burdwan,23.2333,87.85,1,335,6.328415,3.2370548

Calcutta / Alipore_22.53_88.33_5,Calcutta / Alipore,22.5333,88.3333,1,374,13.438951,6.0366106

Calcutta / Dum Dum_22.65_88.45_4,Calcutta / Dum Dum,22.65,88.45,1,374,10.742657,4.9474106

Calicut / Kondotti_11.14_75.96_104,Calicut / Kondotti,11.1368,75.9553,1,374,10.56356,5.9217744

Canning_22.25_88.67_3,Canning,22.25,88.6667,1,337,8.800147,3.932444

Cannur_11.83_75.33_11,Cannur,11.8333,75.3333,1,374,16.843584,7.6394844

Car Nicobar_9.17_92.83_9,Car Nicobar,9.1667,92.8333,1,335,6.755363,4.136315

Car Nicobar_9.15_92.82_10,Car Nicobar,9.15,92.8167,1,335,6.524387,4.0765066

Chamarajnagar / Chamrajnagar_11.93_76.93_760,Chamarajnagar / Chamrajnagar,11.9333,76.9333,1,307,4.8890805,2.5868232

Chandbali_20.78_86.73_5,Chandbali,20.7833,86.7333,1,344,12.089138,4.3157454

Chandigarh / S?rajpur_30.73_76.88_347,Chandigarh / S?rajpur,30.7333,76.8833,1,344,5.81356,2.3913336

Chandrapur_19.97_79.3_191,Chandrapur,19.9667,79.3,1,344,13.390713,4.4771953

Chaparmukh_26.2_92.52_64,Chaparmukh,26.2,92.5167,1,337,10.190162,4.9442463

Chapra_25.78_84.73_55,Chapra,25.7833,84.7333,1,335,4.771008,2.3576276

Cherrapunji_25.25_91.73_1312,Cherrapunji,25.25,91.7333,1,335,29.058279,10.495673

Chhindwara_22.1_79.0_675,Chhindwara,22.1,79.0,1,335,4.3493514,2.124805

Chickmagalur_13.25_75.75_0,Chickmagalur,13.25,75.75,1,336,7.1546164,3.6065867

Chintamani / Sugut?ru_13.2_78.07_857,Chintamani / Sugut?ru,13.2,78.0667,1,336,4.159315,2.0782375

Chitradurga_14.23_76.43_724,Chitradurga,14.2333,76.4333,1,344,8.064097,3.1204977

Chittorgarh_24.88_74.63_404,Chittorgarh,24.8833,74.6333,1,335,5.319917,2.1021426

Churu_28.25_74.92_290,Churu,28.25,74.9167,1,341,7.7077184,1.930099

Cochin / K?ladi_10.15_76.4_9,Cochin / K?ladi,10.152,76.4019,1,335,9.902444,5.6544213

Cochin / Willingdon_9.95_76.27_1,Cochin / Willingdon,9.95,76.2667,1,335,8.142458,4.980592

Cochin Int. Airport / K?ladi_10.15_76.4_8,Cochin Int. Airport / K?ladi,10.15,76.4,1,335,9.826855,5.8190823

Coimbatore_11.0_76.97_407,Coimbatore,11.0,76.9667,1,339,7.771612,3.1760607

Coimbatore / Peelamedu_11.03_77.05_396,Coimbatore / Peelamedu,11.0333,77.05,1,339,7.76965,3.1772096

Contai_21.78_87.75_10,Contai,21.7833,87.75,1,337,8.677914,3.9898124

Cooch Behar_26.33_89.47_41,Cooch Behar,26.3333,89.4667,1,338,16.95745,7.298197

Coonoor_11.35_76.8_1745,Coonoor,11.35,76.8,1,336,6.0890603,3.6389382

Cuddalore_11.77_79.77_5,Cuddalore,11.7667,79.7667,1,344,15.135177,4.958066

Cuddapah_14.48_78.83_129,Cuddapah,14.4833,78.8333,1,337,4.2055264,2.2042904

Cuttack_20.47_85.93_27,Cuttack,20.4667,85.9333,1,376,7.4830866,3.629147

Cwc Vishakhapatnam / Waltair_17.7_83.3_45,Cwc Vishakhapatnam / Waltair,17.7,83.3,1,375,6.46141,3.027016

Dahanu_19.97_72.72_4,Dahanu,19.9667,72.7167,1,337,6.559764,2.9133556

Daltonganj_24.05_84.07_0,Daltonganj,24.05,84.0667,1,341,8.919631,3.2248194

Daman_20.42_72.85_0,Daman,20.4167,72.85,1,337,7.596325,3.219774

Daman / Dam?n_20.43_72.84_10,Daman / Dam?n,20.4344,72.8432,1,337,7.602905,3.2205858

Damoh_23.83_79.45_369,Damoh,23.8333,79.45,1,335,7.317336,2.8279567

Darbhanga_26.17_85.9_47,Darbhanga,26.1667,85.9,1,337,5.487216,2.6590128

Datia_25.67_78.47_227,Datia,25.6667,78.4667,1,338,5.1650176,2.381484

Davangere / SM Krishna Ext._14.5_75.92_620,Davangere / SM Krishna Ext.,14.5,75.9167,1,337,4.756352,2.477507

Deesa_24.2_72.2_135,Deesa,24.2,72.2,1,341,4.8841085,1.7257911

Dehradun_30.32_78.03_683,Dehradun,30.3167,78.0333,1,344,6.370356,2.6040168

Dehradun / R?ni Pokhri_30.19_78.18_558,Dehradun / R?ni Pokhri,30.1897,78.1803,1,344,16.476292,5.2599254

Dehri_24.92_84.18_0,Dehri,24.9167,84.1833,1,335,4.407034,2.1564863

Dhar_22.6_75.3_581,Dhar,22.6,75.3,1,335,5.430179,2.3571935

Dharmapuri_12.13_78.03_396,Dharmapuri,12.1333,78.0333,1,336,5.3788867,2.6502354

Dharmpur_30.9_77.02_1986,Dharmpur,30.9,77.0167,1,339,9.750124,4.39817

Dharmsala_32.27_76.38_1211,Dharmsala,32.2667,76.3833,1,336,7.9579067,4.4202175

Dharwad_15.48_74.98_678,Dharwad,15.4833,74.9833,1,337,4.153165,1.931995

Dhubri_26.02_89.98_0,Dhubri,26.0167,89.9833,1,342,23.226461,8.117812

Dhubri Rupsi_26.15_89.92_35,Dhubri Rupsi,26.15,89.9167,1,342,13.991318,6.5709257

Diamond Harbour_22.18_88.2_4,Diamond Harbour,22.1833,88.2,1,337,7.797635,3.8193562

Dibrugarh / Mohanbari_27.48_95.02_110,Dibrugarh / Mohanbari,27.4833,95.0167,1,344,12.499845,6.2912655

Digha_21.83_87.78_0,Digha,21.8333,87.7833,1,337,8.551215,3.8569524

Diu_20.72_70.92_10,Diu,20.7167,70.9167,1,337,4.9030085,1.9722074

Durg_21.18_81.28_292,Durg,21.1833,81.2833,1,337,6.3732543,2.8082745

Dwarka_22.37_69.08_10,Dwarka,22.3667,69.0833,1,341,27.24151,6.499469

Erinpura / Jawai Dam Site_25.08_73.08_294,Erinpura / Jawai Dam Site,25.0833,73.0833,1,337,5.0995154,1.845285

Forbesganj_26.3_87.27_59,Forbesganj,26.3,87.2667,1,337,6.9570823,3.2532406

Fort Cochin_9.97_76.23_2,Fort Cochin,9.9667,76.2333,1,335,8.142458,4.980592

Fursatganj / R?e Bareli_26.25_81.37_107,Fursatganj / R?e Bareli,26.25,81.3667,1,337,4.4198284,2.092519

Gadag_15.42_75.63_661,Gadag,15.4167,75.6333,1,376,6.483197,2.7424684

Gandhinagar_23.23_72.72_0,Gandhinagar,23.2333,72.7167,1,342,6.3506308,2.3372695

Ganganagar_29.92_73.92_176,Ganganagar,29.9167,73.9167,1,342,5.576224,2.172361

Gangtok_27.33_88.62_1756,Gangtok,27.3333,88.6167,1,337,10.339291,5.787171

Gauhati_26.1_91.58_47,Gauhati,26.1,91.5833,1,338,12.650214,5.824827

Gaya_24.75_84.95_110,Gaya,24.75,84.95,1,335,7.112183,2.7653956

Ghazipur_25.4_83.55_0,Ghazipur,25.4,83.55,1,335,4.572314,2.3062863

Goa / Dabolim Airport_15.38_73.82_42,Goa / Dabolim Airport,15.3833,73.8167,1,337,11.886627,5.613089

Goa / Panjim_15.48_73.82_58,Goa / Panjim,15.4833,73.8167,1,337,13.02585,5.545926

Goalpara_26.18_90.63_36,Goalpara,26.1833,90.6333,1,337,19.656431,7.757817

Golaghat_26.52_93.98_0,Golaghat,26.5167,93.9833,1,337,12.310332,5.8929806

Gondia_21.47_80.2_311,Gondia,21.4667,80.2,1,341,8.043301,3.3739414

Gopalpur_19.27_84.88_16,Gopalpur,19.2667,84.8833,1,375,6.0445814,2.8866882

Gorakhpur_26.75_83.37_76,Gorakhpur,26.75,83.3667,1,341,7.38709,3.113337

Gulbarga_17.35_76.85_457,Gulbarga,17.35,76.85,1,344,7.398327,2.950565

Gulmarg_34.05_74.4_2652,Gulmarg,34.05,74.4,1,336,6.616427,4.093831

Guna_24.65_77.32_477,Guna,24.65,77.3167,1,373,9.077364,3.4016175

Gwalior_26.23_78.25_205,Gwalior,26.2333,78.25,1,338,8.362273,3.328217

Haflong_25.17_93.02_680,Haflong,25.1667,93.0167,1,335,15.956232,5.002425

Hamirpur_25.95_80.15_109,Hamirpur,25.95,80.15,1,337,4.1519065,1.9671254

Hanamkonda_18.02_79.57_266,Hanamkonda,18.0167,79.5667,1,337,4.5650673,2.4712555

Hardoi_27.38_80.17_141,Hardoi,27.3833,80.1667,1,337,4.634686,2.246146

Harnai_17.82_73.1_17,Harnai,17.8167,73.1,1,375,16.44389,6.5462885

Hassan_13.0_76.15_955,Hassan,13.0,76.15,1,336,4.945802,2.6551204

Haveri / H?veri_14.78_75.4_573,Haveri / H?veri,14.7833,75.4,1,337,4.341603,2.1846943

Hissar_29.17_75.73_216,Hissar,29.1667,75.7333,1,337,6.2664757,2.3951108

Honavar_14.28_74.45_8,Honavar,14.2833,74.45,1,344,22.249063,9.700285

Hoshangabad_22.77_77.77_300,Hoshangabad,22.7667,77.7667,1,373,9.032374,3.7515163

Hut Bay_10.58_92.55_5,Hut Bay,10.5833,92.55,1,335,7.069554,4.1415987

Hyderabad / Anthredigudam_17.24_78.43_617,Hyderabad / Anthredigudam,17.2406,78.4289,1,375,4.895781,2.2895646

Hyderabad Airport_17.45_78.47_530,Hyderabad Airport,17.45,78.4667,1,375,6.5833592,2.9728289

Imphal Tulihal_24.77_93.9_780,Imphal Tulihal,24.7667,93.9,1,340,9.071688,4.018792

Indore_22.72_75.8_561,Indore,22.7167,75.8,1,373,5.996381,2.434915

Jabalpur_23.2_79.95_391,Jabalpur,23.2,79.95,1,340,11.855032,3.653335

Jagdalpur_19.08_82.03_552,Jagdalpur,19.0833,82.0333,1,376,10.570966,4.60829

Jaipur / Sanganer_26.82_75.8_385,Jaipur / Sanganer,26.8167,75.8,1,338,9.943389,2.9043617

Jaisalmer_26.9_70.92_231,Jaisalmer,26.9,70.9167,1,341,7.407932,2.1491256

Jalgaon_21.05_75.57_200,Jalgaon,21.05,75.5667,1,337,7.0871105,2.7993388

Jalna / Badnapur_19.83_75.8_534,Jalna / Badnapur,19.8333,75.8,1,337,5.057486,2.2147453

Jalpaiguri_26.53_88.72_0,Jalpaiguri,26.5333,88.7167,1,341,20.34493,8.25898

Jammu_32.67_74.83_366,Jammu,32.6667,74.8333,1,375,7.9418244,3.3359866

Jammu / R?mb?gh_32.69_74.84_314,Jammu / R?mb?gh,32.6891,74.8374,1,343,11.761646,4.683698

Jamnagar_22.45_70.08_14,Jamnagar,22.45,70.0833,1,335,14.946207,2.8730621

Jamshedpur_22.82_86.18_140,Jamshedpur,22.8167,86.1833,1,335,5.84855,2.8909345

Jamshedpur_22.82_86.18_128,Jamshedpur,22.8167,86.1833,1,335,5.848168,2.8905053

Jeur_18.2_75.2_519,Jeur,18.2,75.2,1,337,5.0165334,2.3474674

Jhansi_25.45_78.58_250,Jhansi,25.45,78.5833,1,338,5.265331,2.3006546

Jharsuguda_21.92_84.08_228,Jharsuguda,21.9167,84.0833,1,344,7.1830764,3.342333

Jindal Vijaynagar_15.18_76.63_489,Jindal Vijaynagar,15.1758,76.6333,1,335,3.971881,1.8729049

Jodhpur_26.3_73.02_217,Jodhpur,26.3,73.0167,1,339,4.7521806,1.900318

Jorhat / Lengrabhita_26.07_90.17_880,Jorhat / Lengrabhita,26.0667,90.1667,1,338,14.253773,6.461635

K. Paramathy_10.95_78.08_182,K. Paramathy,10.95,78.0833,1,336,5.445176,2.9039733

Kailashahar_24.32_92.0_27,Kailashahar,24.3167,92.0,1,373,18.081892,8.205896

Kakinada_16.95_82.23_2,Kakinada,16.95,82.2333,1,375,10.045486,3.9900696

Kalimpong_27.07_88.47_0,Kalimpong,27.0667,88.4667,1,337,10.709305,4.535852

Kalingapatam_18.33_84.13_5,Kalingapatam,18.3333,84.1333,1,375,10.131368,4.0231643

Kandla Aerodrome_23.15_70.12_29,Kandla Aerodrome,23.15,70.1167,1,335,7.275894,2.0748124

Kangra / Chari_32.17_76.26_770,Kangra / Chari,32.1651,76.2634,1,335,9.914884,3.5442977

Kanniyakumari_8.08_77.5_36,Kanniyakumari,8.0833,77.5,1,343,9.568055,3.40816

Kanpur_26.43_80.37_125,Kanpur,26.4333,80.3667,1,337,4.818111,2.156237

Kanpur / Chakeri_26.4_80.4_123,Kanpur / Chakeri,26.4,80.4,1,337,4.818111,2.156237

Karaikal_10.92_79.83_7,Karaikal,10.9167,79.8333,1,339,12.071473,4.8283463

Karnal_29.7_77.03_248,Karnal,29.7,77.0333,1,337,5.539985,2.440811

Karwar_14.78_74.13_3,Karwar,14.7833,74.1333,1,339,21.800602,7.969161

Kavali_14.9_79.98_17,Kavali,14.9,79.9833,1,337,5.980405,2.6995401

Keongjhargarh_21.62_85.52_461,Keongjhargarh,21.6167,85.5167,1,337,5.3168893,2.8280048

Keshod_21.32_70.32_50,Keshod,21.3167,70.3167,1,337,7.8232846,2.4600954

Khajuraho_24.98_79.92_217,Khajuraho,24.9833,79.9167,1,335,5.4535046,2.3560722

Khammam_17.25_80.15_110,Khammam,17.25,80.15,1,337,5.179592,2.6104066

Khandwa_21.83_76.37_317,Khandwa,21.8333,76.3667,1,337,8.31975,2.9426665

Khargone_21.82_75.62_250,Khargone,21.8167,75.6167,1,337,6.7862444,2.3742144

Kodaikanal_10.23_77.47_2339,Kodaikanal,10.2333,77.4667,1,336,7.152659,3.936207

Kohima_25.63_94.17_1405,Kohima,25.6333,94.1667,1,335,9.083709,3.6211922

Kolhapur_16.7_74.23_569,Kolhapur,16.7,74.2333,1,375,7.162819,3.0448303

Koppal_15.35_76.15_532,Koppal,15.35,76.15,1,337,3.8781486,2.059708

Koraput_18.82_82.72_0,Koraput,18.8167,82.7167,1,337,4.32316,2.2168584

Kota Aerodrome_25.15_75.85_273,Kota Aerodrome,25.15,75.85,1,341,9.321026,3.3855982

Kothagudem_17.55_80.63_110,Kothagudem,17.55,80.6333,1,337,5.409654,2.576264

Kottayam_9.58_76.52_39,Kottayam,9.5833,76.5167,1,335,9.599463,5.6080546

Kovilangulam / Aruppukkottai_9.55_78.08_103,Kovilangulam / Aruppukkottai,9.55,78.0833,1,337,6.5816865,3.3718765

Kozhikode_11.25_75.78_4,Kozhikode,11.25,75.7833,1,374,18.500801,8.408003

Krishnanagar_23.4_88.52_12,Krishnanagar,23.4,88.5167,1,335,9.371561,3.824034

Kurnool_15.8_78.07_280,Kurnool,15.8,78.0667,1,342,6.4219155,2.862821

Lengpui / Hmunpui_23.84_92.62_426,Lengpui / Hmunpui,23.8406,92.6197,1,335,5.9883566,3.3151815

Long Island_12.42_92.93_12,Long Island,12.4167,92.9333,1,336,6.702121,3.5273721

Lucknow_26.87_80.93_110,Lucknow,26.8667,80.9333,1,340,7.3174214,3.1725788

Lucknow / Amausi_26.75_80.88_122,Lucknow / Amausi,26.75,80.8833,1,340,7.318303,3.171778

Ludhiana_30.87_75.93_255,Ludhiana,30.8667,75.9333,1,338,4.9937096,2.3367167

Ludhiana / Dor?ha_30.85_75.95_254,Ludhiana / Dor?ha,30.8547,75.9526,1,338,6.8476353,2.4361198

Lumding_25.75_93.18_147,Lumding,25.75,93.1833,1,335,11.958852,4.3859434

M. O. Ranchi_23.32_85.32_652,M. O. Ranchi,23.3167,85.3167,1,376,11.34953,4.376494

M.O. Agathi Airport / Kavaratti_10.85_72.47_3,M.O. Agathi Airport / Kavaratti,10.85,72.4667,1,336,12.513781,5.799292

M.O. Karipur Airport / Kondotti_11.13_75.95_100,M.O. Karipur Airport / Kondotti,11.1333,75.95,1,374,9.890004,5.197074

M.O. Pondicherry / Puducherry_11.97_79.82_38,M.O. Pondicherry / Puducherry,11.9667,79.8167,1,344,8.869005,3.349466

Machilipatnam_16.2_81.15_3,Machilipatnam,16.2,81.15,1,375,11.555291,3.8954186

Madikeri_12.42_75.73_1150,Madikeri,12.4167,75.7333,1,336,6.688238,3.6180801

Madras_13.07_80.25_6,Madras,13.0667,80.25,1,344,11.236338,4.9582567

Madras / Minambakkam_13.0_80.18_10,Madras / Minambakkam,13.0,80.1833,1,344,8.177444,3.238024

Madurai_9.92_78.12_132,Madurai,9.9167,78.1167,1,337,6.657533,3.3024888

Madurai_9.83_78.08_139,Madurai,9.8333,78.0833,1,337,5.2767596,2.963787

Mahabaleshwar_17.93_73.67_1384,Mahabaleshwar,17.9333,73.6667,1,344,21.339903,8.8086815

Mahabubnagar_16.75_78.0_504,Mahabubnagar,16.75,78.0,1,337,3.0859,1.756821

Mahuva_21.08_71.78_8,Mahuva,21.0833,71.7833,1,337,6.0022106,1.9898762

Majbat_26.75_92.35_0,Majbat,26.75,92.35,1,337,14.00761,6.3907294

Malanjkhand_22.0_80.7_580,Malanjkhand,22.0,80.7,1,335,6.156654,2.7304344

Malda_25.03_88.13_26,Malda,25.0333,88.1333,1,340,9.915788,4.206364

Malegaon_20.55_74.53_436,Malegaon,20.55,74.5333,1,337,5.4652276,2.217432

Mana / Raipur_21.23_81.65_313,Mana / Raipur,21.2333,81.65,1,337,6.451526,2.678364

Manali_32.27_77.17_0,Manali,32.2667,77.1667,1,336,11.28047,5.711037

Mandi_31.72_76.97_760,Mandi,31.7167,76.9667,1,337,5.597792,2.5896626

Mandla_22.58_80.37_441,Mandla,22.5833,80.3667,1,335,9.855758,3.3880303

Mandya_12.5_76.83_695,Mandya,12.5,76.8333,1,336,5.023465,2.622284

Mangalore / Bajpe_12.92_74.88_102,Mangalore / Bajpe,12.9167,74.8833,1,374,18.26022,9.330817

Mangalore / Panambur_12.95_74.83_32,Mangalore / Panambur,12.95,74.8333,1,374,10.550083,6.1184754

Manipur Road / R?jb?ri_25.88_93.77_152,Manipur Road / R?jb?ri,25.88,93.77,1,335,12.201933,4.905021

Matheran_18.98_73.28_0,Matheran,18.9833,73.2833,1,337,6.4594626,2.904778

Maya Bandar_12.92_92.92_27,Maya Bandar,12.9167,92.9167,1,336,6.5664563,4.0218716

Medak_18.05_78.27_472,Medak,18.05,78.2667,1,337,6.2313433,2.2373257

Meerut_29.02_77.63_221,Meerut,29.0167,77.6333,1,337,8.639199,2.6627364

Midnapore_22.42_87.32_0,Midnapore,22.4167,87.3167,1,335,7.9177623,3.8023531

Minicoy_8.3_73.15_1,Minicoy,8.3,73.15,1,376,15.672616,5.9464817

Moradabad_28.83_78.75_0,Moradabad,28.8333,78.75,1,337,4.555433,2.1720872

Mormugao_15.42_73.78_61,Mormugao,15.4167,73.7833,1,337,12.336896,5.4382167

Mount Abu_24.6_72.72_1196,Mount Abu,24.6,72.7167,1,335,4.891407,2.2834716

Mukteshwar Kumaon_29.47_79.65_2310,Mukteshwar Kumaon,29.4667,79.65,1,344,5.7332745,3.1175144

Muzaffarpur_26.12_85.4_52,Muzaffarpur,26.1167,85.4,1,337,6.031778,2.7100894

Mysore_12.3_76.7_765,Mysore,12.3,76.7,1,336,5.0847187,2.7703664

Nagappattinam_10.77_79.85_2,Nagappattinam,10.7667,79.85,1,339,12.028025,4.223585

Nagpur Mayo Hospital_21.15_79.12_311,Nagpur Mayo Hospital,21.15,79.1167,1,375,10.197921,3.749705

Nagpur Sonegaon_21.1_79.05_308,Nagpur Sonegaon,21.1,79.05,1,375,10.197921,3.749705

Nainital_29.4_79.47_1953,Nainital,29.4,79.4667,1,337,13.887911,3.7260637

Najibabad_29.62_78.38_269,Najibabad,29.6167,78.3833,1,337,7.871092,3.0750232

Nalgonda_17.0_79.25_0,Nalgonda,17.0,79.25,1,337,3.9228675,2.1685898

Naliya_23.25_68.85_20,Naliya,23.25,68.85,1,338,21.121346,3.8536077

Nancowry_7.98_93.53_23,Nancowry,7.9833,93.5333,1,335,5.84051,3.695198

Nanded_19.08_77.33_355,Nanded,19.0833,77.3333,1,337,5.2788963,2.6828315

Nandigama_16.78_80.28_0,Nandigama,16.7833,80.2833,1,337,5.3925776,2.452063

Nandyal_15.47_78.48_211,Nandyal,15.4667,78.4833,1,337,4.7171335,2.5716436

Narnaul_28.0_76.08_306,Narnaul,28.0,76.0833,1,337,4.505612,1.9271222

Narsapur_16.43_81.7_0,Narsapur,16.4333,81.7,1,337,5.151088,2.6757443

Narsinghpur_22.95_79.18_354,Narsinghpur,22.95,79.1833,1,335,6.0951247,2.6019762

Nasik_20.0_73.78_598,Nasik,20.0,73.7833,1,337,4.844315,2.0693154

Nasik Ozar_20.13_73.92_599,Nasik Ozar,20.1333,73.9167,1,337,3.6633248,1.7691957

Nautanwa_27.43_83.42_98,Nautanwa,27.4333,83.4167,1,335,8.357077,3.6112921

Nellore_14.45_79.98_19,Nellore,14.45,79.9833,1,344,10.193717,4.1194363

New Delhi / Palam_28.57_77.12_220,New Delhi / Palam,28.5667,77.1167,1,375,8.542238,3.2874804

New Delhi / Safdarjung_28.58_77.2_211,New Delhi / Safdarjung,28.5833,77.2,1,375,14.221637,4.044851

New Kandla_23.0_70.22_10,New Kandla,23.0,70.2167,1,335,6.582194,2.0126927

Nilambur_11.28_76.23_0,Nilambur,11.2833,76.2333,1,335,10.685757,5.8468394

Nizamabad_18.67_78.1_379,Nizamabad,18.6667,78.1,1,341,7.3641667,2.9013846

North Lakhimpur_27.23_94.12_101,North Lakhimpur,27.2333,94.1167,1,375,16.040373,7.9171495

Nowgong_25.07_79.45_226,Nowgong,25.0667,79.45,1,337,5.50632,2.3287244

Okha_22.48_69.12_5,Okha,22.4833,69.1167,1,341,22.305628,5.015659

Ondal / And?l_23.62_87.2_86,Ondal / And?l,23.6167,87.2,1,335,7.263332,3.144358

Ongole_15.5_80.08_22,Ongole,15.5,80.0833,1,337,4.2615457,2.2292314

Orai_25.98_79.5_140,Orai,25.9833,79.5,1,337,4.2617517,2.0729494

Pachmarhi_22.47_78.43_1061,Pachmarhi,22.4667,78.4333,1,335,6.526697,3.0556357

Palakkad_10.77_76.65_95,Palakkad,10.7667,76.65,1,336,7.134674,3.639143

Palayankottai_8.73_77.75_45,Palayankottai,8.7333,77.75,1,335,4.7699995,2.8279476

Pamban_9.27_79.3_10,Pamban,9.2667,79.3,1,337,10.921405,4.678552

Panagarh / P?n?garh_23.47_87.43_74,Panagarh / P?n?garh,23.4667,87.4333,1,335,5.835624,2.868689

Pantnagar_29.03_79.47_233,Pantnagar,29.0333,79.4667,1,337,10.865576,3.1486971

Paradip C. W. R._20.3_86.68_4,Paradip C. W. R.,20.3,86.6833,1,337,9.105638,3.7308707

Parangipettai_11.5_79.77_3,Parangipettai,11.5,79.7667,1,344,9.847273,3.2974608

Parbhani_19.27_76.77_422,Parbhani,19.2667,76.7667,1,337,5.8210306,2.7337224

Pasighat_28.1_95.38_155,Pasighat,28.1,95.3833,1,341,20.486776,9.0108

Pathankot / Path?nkot_32.23_75.63_310,Pathankot / Path?nkot,32.2338,75.6346,1,336,7.770841,3.3735478

Patiala_30.33_76.47_249,Patiala,30.3333,76.4667,1,340,7.2408843,2.6595035

Patna_25.6_85.1_51,Patna,25.6,85.1,1,338,5.8825555,2.865154

Pbo Raipur_21.22_81.67_294,Pbo Raipur,21.2167,81.6667,1,337,6.370922,2.7035136

Pendra Road_22.77_81.9_624,Pendra Road,22.7667,81.9,1,373,9.438686,3.7863653

Periakulum / Ellakkal_10.0_77.13_300,Periakulum / Ellakkal,10.0,77.1333,1,335,8.360602,4.3538027

Phalodi_27.13_72.37_233,Phalodi,27.1333,72.3667,1,337,5.5276275,1.6378624

Pilani_28.33_75.58_300,Pilani,28.3333,75.5833,1,337,3.9306595,1.7701558

Pondicherry / Auroville_11.97_79.81_36,Pondicherry / Auroville,11.9687,79.8101,1,344,8.199572,3.1241775

Poona_18.53_73.85_555,Poona,18.5333,73.85,1,375,4.7150702,1.9438491

Poona / Lohogaon Aerodrome_18.58_73.92_589,Poona / Lohogaon Aerodrome,18.5833,73.9167,1,375,11.261267,3.5052924

Porbandar_21.65_69.67_5,Porbandar,21.65,69.6667,1,341,30.966125,5.280759

Port Blair_11.67_92.72_73,Port Blair,11.6667,92.7167,1,407,7.036107,4.4734154

Port Blair / Portblair / Austin?b?d_11.64_92.73_4,Port Blair / Portblair / Austin?b?d,11.6412,92.7297,1,407,16.072443,7.487667

Punalur_9.0_76.92_33,Punalur,9.0,76.9167,1,335,9.34244,4.9076333

Puri_19.8_85.82_5,Puri,19.8,85.8167,1,376,8.766065,3.8011675

Purnea_25.27_87.47_0,Purnea,25.2667,87.4667,1,341,9.248682,3.9826744

Purulia_23.33_86.42_254,Purulia,23.3333,86.4167,1,335,6.962458,2.8539565

Qazi Gund_33.58_75.08_0,Qazi Gund,33.5833,75.0833,1,336,9.404174,3.9636471

Raichur_16.2_77.35_398,Raichur,16.2,77.35,1,337,5.4234676,2.4933352

Raipur / Phundardih_21.22_81.67_294,Raipur / Phundardih,21.2167,81.6667,1,337,6.370922,2.7035136

Raisen_23.32_77.83_435,Raisen,23.3167,77.8333,1,335,5.789862,2.5509748

Rajahmundry / R?j?nagaram_17.11_81.82_46,Rajahmundry / R?j?nagaram,17.1104,81.8182,1,335,5.852336,2.624784

Rajgarh_24.0_76.72_380,Rajgarh,24.0,76.7167,1,335,5.5264335,2.2342548

Rajkot_22.3_70.78_134,Rajkot,22.3,70.7833,1,341,22.561975,4.3597007

Rajnandgaon / R?j N?ndgaon_21.1_81.03_329,Rajnandgaon / R?j N?ndgaon,21.1,81.0333,1,337,6.2250667,2.8311386

Ramgundam_18.77_79.43_156,Ramgundam,18.7667,79.4333,1,375,7.8466187,3.7467318

Rampur_28.75_79.0_191,Rampur,28.75,79.0,1,337,4.544242,2.1981845

Ranchi / Silwai_23.43_85.4_647,Ranchi / Silwai,23.4333,85.4,1,376,11.34953,4.376494

Rangia_26.43_91.62_57,Rangia,26.4333,91.6167,1,337,15.998058,6.9702187

Ratlam_23.32_75.05_484,Ratlam,23.3167,75.05,1,335,7.8715434,2.7122004

Ratnagiri_16.98_73.33_75,Ratnagiri,16.9833,73.3333,1,375,20.831938,8.046431

Raxaul_26.98_84.85_83,Raxaul,26.9833,84.85,1,335,8.10343,3.3543239

Rentachintala_16.55_79.55_104,Rentachintala,16.55,79.55,1,337,4.6752877,2.2161002

Rewa_24.53_81.3_298,Rewa,24.5333,81.3,1,335,5.8968153,2.4425848

Rohtak_28.83_76.58_0,Rohtak,28.8333,76.5833,1,337,4.612995,1.7921777

Rourkela_22.22_84.88_0,Rourkela,22.2167,84.8833,1,335,8.700535,3.4935503

Sabaur_25.23_87.07_36,Sabaur,25.2333,87.0667,1,336,5.528051,2.8158355

Sagar_23.85_78.75_550,Sagar,23.85,78.75,1,335,12.094184,3.7849002

Salem_11.65_78.17_279,Salem,11.65,78.1667,1,337,10.6803665,4.284191

Sambalpur_21.47_83.97_0,Sambalpur,21.4667,83.9667,1,344,6.6189556,3.2604835

Sangli_16.85_74.6_545,Sangli,16.85,74.6,1,337,5.204185,2.2440138

Satara_17.52_74.05_610,Satara,17.5167,74.05,1,337,6.607761,2.22325

Satna_24.57_80.83_315,Satna,24.5667,80.8333,1,340,11.011136,3.9005418

Sawai Madhopur_25.98_76.37_0,Sawai Madhopur,25.9833,76.3667,1,279,6.055189,2.5203319

Seoni_22.08_79.55_617,Seoni,22.0833,79.55,1,335,5.9222813,2.7574651

Shahjahanpur_27.88_79.9_155,Shahjahanpur,27.8833,79.9,1,337,5.1614423,2.2044358

Shajapur_23.43_76.32_444,Shajapur,23.4333,76.3167,1,335,4.4400063,2.0023484

Shanti Niketan_23.65_87.7_58,Shanti Niketan,23.65,87.7,1,335,6.279882,3.0296328

Sheopur_25.67_76.68_234,Sheopur,25.6667,76.6833,1,281,7.074311,2.8578544

Shillong_25.57_91.88_1598,Shillong,25.5667,91.8833,1,376,15.912801,6.026965

Shimla_31.1_77.17_2205,Shimla,31.1,77.1667,1,339,4.3042636,2.326956

Shimla / Kanda_31.08_77.07_1546,Shimla / Kanda,31.0818,77.068,1,335,9.807908,4.4850016

Shimoga_13.93_75.63_571,Shimoga,13.9333,75.6333,1,337,5.6131716,2.862303

Shirali_14.07_74.53_45,Shirali,14.0667,74.5333,1,344,11.633544,6.0563917

Shivpuri_25.33_77.65_463,Shivpuri,25.3333,77.65,1,337,7.543117,2.6541717

Sholapur_17.67_75.9_477,Sholapur,17.6667,75.9,1,342,5.6583457,2.524784

Sidhi_24.42_81.87_270,Sidhi,24.4167,81.8667,1,335,5.3898807,2.4385333

Sikar_27.62_75.13_431,Sikar,27.6167,75.1333,1,337,4.034771,1.7824502

Silchar_24.75_92.8_21,Silchar,24.75,92.8,1,373,16.388603,8.088744

Siliguri_26.67_88.37_123,Siliguri,26.6667,88.3667,1,337,13.431104,5.7390695

Siliguri_26.63_88.32_126,Siliguri,26.6333,88.3167,1,337,11.550365,5.270569

Srinagar_34.08_74.83_1585,Srinagar,34.0833,74.8333,1,376,6.1736994,3.144068

Srinagar_33.98_74.78_1664,Srinagar,33.9833,74.7833,1,376,7.88182,4.06764

Sundargarh_22.02_84.0_240,Sundargarh,22.0167,84.0,1,344,10.8445015,3.580918

Sundernagar / Sundarnagar_31.53_76.9_874,Sundernagar / Sundarnagar,31.5333,76.9,1,337,5.094128,2.473081

Supaul_26.13_86.58_0,Supaul,26.1333,86.5833,1,337,5.931715,3.0405457

Surat_21.2_72.83_10,Surat,21.2,72.8333,1,344,8.966211,2.9005866

Surat / Magdala_21.11_72.74_5,Surat / Magdala,21.1141,72.7418,1,344,7.277152,3.0555305

Surendranagar_22.73_71.6_72,Surendranagar,22.7333,71.6,1,335,11.364655,2.797948

T.B.I.A_19.15_72.0_13,T.B.I.A,19.15,72.0,1,337,5.7460446,3.2302747

Tehri_30.4_78.48_0,Tehri,30.4,78.4833,1,344,7.9878616,3.4768167

Tezpur_26.62_92.78_77,Tezpur,26.6167,92.7833,1,337,8.878974,4.592947

Thanjavur_10.78_79.13_0,Thanjavur,10.7833,79.1333,1,336,5.942591,3.111666

Thiruvananthapuram_8.48_76.95_60,Thiruvananthapuram,8.4833,76.95,1,376,13.511916,6.6084504

Thiruvananthapuram_8.47_76.95_4,Thiruvananthapuram,8.4667,76.95,1,376,12.246424,6.3698425

Thrissur_10.52_76.22_40,Thrissur,10.5167,76.2167,1,335,8.79768,5.1316853

Tikamgarh_24.77_78.83_344,Tikamgarh,24.7667,78.8333,1,335,5.967289,2.4019265

Tiruchchirapalli_10.77_78.72_85,Tiruchchirapalli,10.7667,78.7167,1,337,12.076395,4.112596

Tirupathi_13.67_79.58_110,Tirupathi,13.6667,79.5833,1,336,7.33594,2.8484204

Tirupati / Renigunta_13.63_79.54_107,Tirupati / Renigunta,13.6325,79.5433,1,336,5.445013,2.505503

Tiruppattur_12.48_78.57_385,Tiruppattur,12.4833,78.5667,1,336,7.430256,3.1418345

Tiruttani_13.15_79.53_0,Tiruttani,13.15,79.5333,1,336,5.8798957,2.880548

Tondi_9.73_79.03_4,Tondi,9.7333,79.0333,1,337,10.557041,4.60536

Tuni_17.35_82.55_35,Tuni,17.35,82.55,1,337,5.111997,2.4400527

Tuticorin New Port_8.75_78.18_0,Tuticorin New Port,8.75,78.1833,1,335,4.93881,2.8329456

Udaipur_24.58_73.7_581,Udaipur,24.5833,73.7,1,373,7.103383,2.5233424

Udaipur / Naramagra_24.62_73.9_513,Udaipur / Naramagra,24.6177,73.8961,1,373,6.672577,2.2254064

Udaipur Dabok_24.62_73.88_509,Udaipur Dabok,24.6167,73.8833,1,373,6.687271,2.2385566

Udgir_18.07_77.12_639,Udgir,18.0667,77.1167,1,337,4.8176007,2.2672715

Udhagamandalam_11.4_76.73_2236,Udhagamandalam,11.4,76.7333,1,336,6.6014323,3.5384052

Ujjain_23.18_75.78_488,Ujjain,23.1833,75.7833,1,335,4.4657016,1.7169255

Uluberia_22.5_87.95_0,Uluberia,22.5,87.95,1,335,7.9699974,3.9707854

Umaria_23.53_80.88_458,Umaria,23.5333,80.8833,1,335,6.3643546,2.5169327

Una_31.47_76.27_365,Una,31.4667,76.2667,1,337,6.019766,2.6942933

Vallabh Vidyanagar_22.57_72.93_41,Vallabh Vidyanagar,22.5667,72.9333,1,335,7.0194144,2.5851872

Valparai_10.28_77.0_1041,Valparai,10.2833,77.0,1,336,10.782218,5.338068

Varanasi_25.3_83.02_88,Varanasi,25.3,83.0167,1,340,7.5161905,3.1114578

Varanasi / Babatpur_25.45_82.87_81,Varanasi / Babatpur,25.45,82.8667,1,340,6.7392035,2.6525278

Vellore_12.92_79.15_213,Vellore,12.9167,79.15,1,336,5.3902397,2.9316967

Vengurla_15.87_73.63_15,Vengurla,15.8667,73.6333,1,337,13.596213,5.542908

Veraval_20.9_70.37_6,Veraval,20.9,70.3667,1,342,9.637496,2.5967147

Vidisha_23.53_77.82_425,Vidisha,23.5333,77.8167,1,335,5.7896996,2.5495179

Vijayawada / Gannavaram_16.53_80.8_21,Vijayawada / Gannavaram,16.5333,80.8,1,342,6.1363435,3.1904087

Vishakhapatnam_17.72_83.23_3,Vishakhapatnam,17.7167,83.2333,1,375,7.17554,3.354595

Vishakhapatnam / Gajuwaka_17.72_83.22_5,Vishakhapatnam / Gajuwaka,17.7212,83.2245,1,375,8.882415,3.7271214

Vizagapatam / Gajuwaka_17.72_83.23_5,Vizagapatam / Gajuwaka,17.7167,83.2333,1,375,7.171533,3.3536606

Wardha_20.67_78.58_282,Wardha,20.6667,78.5833,1,337,6.5323567,2.8848052

Washim / W?sh?m_20.12_77.13_565,Washim / W?sh?m,20.1167,77.1333,1,337,5.620398,2.5680516

Yeotmal_20.4_78.15_450,Yeotmal,20.4,78.15,1,337,7.9373255,2.8741424

Yercaud_11.75_78.17_1463,Yercaud,11.75,78.1667,1,336,7.2996836,3.2014759

Agartala_23.88_91.25_15,Agartala,23.8833,91.25,4,372,22.498398,9.246385

Agatti / Kavaratti_10.82_72.18_4,Agatti / Kavaratti,10.8237,72.176,4,331,11.854071,5.8296084

Agra_27.15_77.97_168,Agra,27.15,77.9667,4,333,5.0695577,2.9855564

Agra_27.17_78.03_168,Agra,27.1667,78.0333,4,333,5.0695577,2.9855564

Agumbe_13.5_75.08_658,Agumbe,13.5,75.0833,4,305,17.09962,8.537252

Ahmadabad_23.07_72.63_55,Ahmadabad,23.0667,72.6333,4,341,11.462167,4.0525045

Ahmadnagar_19.08_74.8_655,Ahmadnagar,19.0833,74.8,4,333,5.141187,2.6624694

Aijal_23.73_92.72_0,Aijal,23.7333,92.7167,4,331,7.2355556,3.7572615

Ajmer_26.45_74.62_485,Ajmer,26.45,74.6167,4,374,8.750402,3.2726371

Akola_20.7_77.03_280,Akola,20.7,77.0333,4,337,8.735211,3.7054968

Akola_20.7_77.07_305,Akola,20.7,77.0667,4,337,8.386141,3.6434472

Alapuzha_9.55_76.42_2,Alapuzha,9.55,76.4167,4,329,10.249418,5.9520817

Alibag_18.63_72.87_5,Alibag,18.6333,72.8667,4,333,12.230028,5.4775953

Aligarh_27.88_78.07_186,Aligarh,27.8833,78.0667,4,333,4.730017,2.3109896

Allahabad / Bamhrauli_25.45_81.73_97,Allahabad / Bamhrauli,25.45,81.7333,4,331,4.896305,3.078052

Alwar_27.5_76.58_270,Alwar,27.5,76.5833,4,333,5.4066577,2.443722

Ambala_30.38_76.77_271,Ambala,30.3833,76.7667,4,338,5.279153,2.3101826

Ambala / Amb?la_30.4_76.77_958,Ambala / Amb?la,30.4,76.7667,4,333,9.843938,3.0223355

Ambikapur_23.17_83.25_596,Ambikapur,23.1667,83.25,4,342,10.712732,4.1429605

Amini Divi_11.12_72.73_3,Amini Divi,11.1167,72.7333,4,343,14.003501,7.0904145

Amraoti_20.93_77.78_367,Amraoti,20.9333,77.7833,4,374,8.27453,3.7044778

Amreli_21.6_71.22_0,Amreli,21.6,71.2167,4,333,12.548561,3.3889353

Amritsar_31.63_74.87_229,Amritsar,31.6333,74.8667,4,338,7.040686,2.7893138

Anantapur_14.68_77.62_349,Anantapur,14.6833,77.6167,4,337,7.067161,3.2141657

Angul_20.83_85.1_137,Angul,20.8333,85.1,4,333,7.368375,3.616185

Arogyavaram_13.53_78.5_696,Arogyavaram,13.5333,78.5,4,331,4.499876,2.6338482

Atiramapattinam_10.33_79.38_4,Atiramapattinam,10.3333,79.3833,4,329,7.7742066,4.163227

Aurangabad_19.88_75.33_579,Aurangabad,19.8833,75.3333,4,339,7.5299544,3.1946852

Aurangabad Chikalthan Aerodrome_19.85_75.4_582,Aurangabad Chikalthan Aerodrome,19.85,75.4,4,339,7.5299544,3.1946852

Bagalkote / Mangoli_16.7_75.75_524,Bagalkote / Mangoli,16.7,75.75,4,333,6.682953,3.1702204

Bagati_22.98_88.37_0,Bagati,22.9833,88.3667,4,331,9.928622,4.4912186

Bahraich_27.57_81.6_122,Bahraich,27.5667,81.6,4,337,14.520929,4.555037

Balasore_21.52_86.93_18,Balasore,21.5167,86.9333,4,343,10.643603,4.922469

Balurghat_25.22_88.78_0,Balurghat,25.2167,88.7833,4,331,8.422135,4.4468446

Banda_25.47_80.37_120,Banda,25.4667,80.3667,4,331,4.3944755,2.246705

Bangalore_12.97_77.58_920,Bangalore,12.9667,77.5833,4,338,6.7736034,3.3013115

Bangalore / Bengaluru / Devenahalli / BIAL 2 Wheeler Parking_13.2_77.71_897,Bangalore / Bengaluru / Devenahalli / BIAL 2 Wheeler Parking,13.1979,77.7063,4,338,6.783118,3.6035178

Bangalore / Hindustan Airport_12.95_77.63_888,Bangalore / Hindustan Airport,12.95,77.6333,4,338,10.050046,4.793319

Banihal_33.5_75.17_1624,Banihal,33.5,75.1667,4,331,8.515658,4.733373

Bankura_23.25_87.05_0,Bankura,23.25,87.05,4,331,7.1276226,3.5666833

Bapatla_15.9_80.47_0,Bapatla,15.9,80.4667,4,333,5.4106526,3.244993

Baramati_18.15_74.58_550,Baramati,18.15,74.5833,4,333,4.944725,2.6996827

Barapani / Bara Pani_25.7_91.97_893,Barapani / Bara Pani,25.7,91.9667,4,331,11.120004,5.3599524

Bareilly_28.37_79.4_167,Bareilly,28.3667,79.4,4,337,9.144197,4.0508785

Baripada_21.93_86.77_53,Baripada,21.9333,86.7667,4,333,6.671853,3.5303922

Barmer_25.75_71.38_193,Barmer,25.75,71.3833,4,343,5.538394,2.1541703

Baroda / Vadodara_22.3_73.25_34,Baroda / Vadodara,22.3,73.25,4,331,10.710943,3.6353967

Baroda Aerodrome_22.33_73.27_37,Baroda Aerodrome,22.3333,73.2667,4,331,10.710943,3.6353967

Belgaum_15.85_74.53_751,Belgaum,15.85,74.5333,4,338,7.571798,4.0229235

Belgaum / Sambra_15.85_74.62_758,Belgaum / Sambra,15.85,74.6167,4,338,6.1145773,3.2519467

Bellary_15.15_76.85_448,Bellary,15.15,76.85,4,329,5.0705843,2.7662575

Berhampore_24.13_88.27_18,Berhampore,24.1333,88.2667,4,331,6.4850097,3.6486993

Betul_21.87_77.93_652,Betul,21.8667,77.9333,4,333,4.7569757,2.569586

Bhagalpur_25.23_86.95_44,Bhagalpur,25.2333,86.95,4,333,7.481228,3.973459

Bhatinda_30.17_74.58_207,Bhatinda,30.1667,74.5833,4,333,3.3787794,1.8346516

Bhaunagar_21.75_72.2_5,Bhaunagar,21.75,72.2,4,335,4.898668,2.4599564

Bhawanipatna_19.92_83.18_261,Bhawanipatna,19.9167,83.1833,4,333,6.5497622,3.0951152

Bhilwara_25.35_74.63_421,Bhilwara,25.35,74.6333,4,333,8.457573,2.4398992

Bhopal / Bairagarh_23.28_77.35_523,Bhopal / Bairagarh,23.2833,77.35,4,337,12.947889,4.784289

Bhubaneswar_20.25_85.83_45,Bhubaneswar,20.25,85.8333,4,376,8.888031,4.3716717

Bhuj-Rudramata_23.25_69.67_78,Bhuj-Rudramata,23.25,69.6667,4,372,9.21177,3.5863497

Bhuntar_31.83_77.17_0,Bhuntar,31.8333,77.1667,4,333,9.529936,3.885998

Bidar Airport_17.92_77.53_663,Bidar Airport,17.9167,77.5333,4,333,4.547788,2.6991625

Bijapur_16.82_75.72_593,Bijapur,16.8167,75.7167,4,333,7.1278634,3.2558296

Bikaner_28.0_73.3_223,Bikaner,28.0,73.3,4,333,4.543322,1.8924804

Bilaspur_31.25_76.67_589,Bilaspur,31.25,76.6667,4,333,4.7532587,2.294778

Bombay / Colaba_18.9_72.82_10,Bombay / Colaba,18.9,72.8167,4,374,12.430947,7.555186

Bombay / Juhu_19.12_72.83_4,Bombay / Juhu,19.1167,72.8333,4,374,10.79368,5.341395

Bombay / Santacruz_19.12_72.85_8,Bombay / Santacruz,19.1167,72.85,4,374,24.720747,9.749111

Bramhapuri_20.6_79.85_227,Bramhapuri,20.6,79.85,4,333,10.843146,4.1547594

Buldana_20.53_76.23_648,Buldana,20.5333,76.2333,4,339,8.217261,3.6682813

Bulsar_20.62_72.93_0,Bulsar,20.6167,72.9333,4,333,9.582702,4.1166906

Bundi_25.45_75.63_266,Bundi,25.45,75.6333,4,333,9.939349,2.7855337

Burdwan_23.23_87.85_0,Burdwan,23.2333,87.85,4,331,6.625377,3.6590374

Calcutta / Alipore_22.53_88.33_5,Calcutta / Alipore,22.5333,88.3333,4,372,15.401335,7.550982

Calcutta / Dum Dum_22.65_88.45_4,Calcutta / Dum Dum,22.65,88.45,4,372,11.947014,5.8860087

Calicut / Kondotti_11.14_75.96_104,Calicut / Kondotti,11.1368,75.9553,4,372,12.474284,7.3664937

Canning_22.25_88.67_3,Canning,22.25,88.6667,4,333,9.4999275,4.733306

Cannur_11.83_75.33_11,Cannur,11.8333,75.3333,4,372,18.400223,9.27918

Car Nicobar_9.17_92.83_9,Car Nicobar,9.1667,92.8333,4,329,7.7098784,5.0111585

Car Nicobar_9.15_92.82_10,Car Nicobar,9.15,92.8167,4,329,7.763121,5.1814694

Chamarajnagar / Chamrajnagar_11.93_76.93_760,Chamarajnagar / Chamrajnagar,11.9333,76.9333,4,299,6.0546007,3.8547432

Chandbali_20.78_86.73_5,Chandbali,20.7833,86.7333,4,343,14.0705805,5.179419

Chandigarh / S?rajpur_30.73_76.88_347,Chandigarh / S?rajpur,30.7333,76.8833,4,343,5.8225684,2.4130433

Chandrapur_19.97_79.3_191,Chandrapur,19.9667,79.3,4,343,14.893257,5.5334544

Chaparmukh_26.2_92.52_64,Chaparmukh,26.2,92.5167,4,333,11.196445,5.6190624

Chapra_25.78_84.73_55,Chapra,25.7833,84.7333,4,331,5.3484826,2.8401623

Cherrapunji_25.25_91.73_1312,Cherrapunji,25.25,91.7333,4,331,34.24285,13.596463

Chhindwara_22.1_79.0_675,Chhindwara,22.1,79.0,4,331,4.703793,2.4106092

Chickmagalur_13.25_75.75_0,Chickmagalur,13.25,75.75,4,331,8.377707,4.597277

Chintamani / Sugut?ru_13.2_78.07_857,Chintamani / Sugut?ru,13.2,78.0667,4,331,5.2353745,2.84366

Chitradurga_14.23_76.43_724,Chitradurga,14.2333,76.4333,4,343,8.496641,3.8335466

Chittorgarh_24.88_74.63_404,Chittorgarh,24.8833,74.6333,4,331,4.953024,2.1399703

Churu_28.25_74.92_290,Churu,28.25,74.9167,4,337,7.995143,2.2258496

Cochin / K?ladi_10.15_76.4_9,Cochin / K?ladi,10.152,76.4019,4,329,11.91695,7.0523114

Cochin / Willingdon_9.95_76.27_1,Cochin / Willingdon,9.95,76.2667,4,329,10.699273,6.124654

Cochin Int. Airport / K?ladi_10.15_76.4_8,Cochin Int. Airport / K?ladi,10.15,76.4,4,329,12.1013565,7.2985663

Coimbatore_11.0_76.97_407,Coimbatore,11.0,76.9667,4,336,8.636513,4.18914

Coimbatore / Peelamedu_11.03_77.05_396,Coimbatore / Peelamedu,11.0333,77.05,4,336,8.636757,4.1852217

Contai_21.78_87.75_10,Contai,21.7833,87.75,4,333,10.339194,4.4761653

Cooch Behar_26.33_89.47_41,Cooch Behar,26.3333,89.4667,4,334,19.554934,8.709834

Coonoor_11.35_76.8_1745,Coonoor,11.35,76.8,4,331,7.861774,5.449571

Cuddalore_11.77_79.77_5,Cuddalore,11.7667,79.7667,4,343,16.640606,6.28374

Cuddapah_14.48_78.83_129,Cuddapah,14.4833,78.8333,4,333,4.547858,2.6571972

Cuttack_20.47_85.93_27,Cuttack,20.4667,85.9333,4,376,7.981842,3.959871

Cwc Vishakhapatnam / Waltair_17.7_83.3_45,Cwc Vishakhapatnam / Waltair,17.7,83.3,4,374,7.824903,3.5117397

Dahanu_19.97_72.72_4,Dahanu,19.9667,72.7167,4,333,7.9762654,3.9539118

Daltonganj_24.05_84.07_0,Daltonganj,24.05,84.0667,4,338,9.4156065,3.6065645

Daman_20.42_72.85_0,Daman,20.4167,72.85,4,333,9.223202,3.9541771

Daman / Dam?n_20.43_72.84_10,Daman / Dam?n,20.4344,72.8432,4,333,9.222239,3.9551687

Damoh_23.83_79.45_369,Damoh,23.8333,79.45,4,331,7.7857504,3.1121395

Darbhanga_26.17_85.9_47,Darbhanga,26.1667,85.9,4,333,6.0429144,2.9761403

Datia_25.67_78.47_227,Datia,25.6667,78.4667,4,334,5.0592036,2.5197203

Davangere / SM Krishna Ext._14.5_75.92_620,Davangere / SM Krishna Ext.,14.5,75.9167,4,333,5.6888585,3.4931586

Deesa_24.2_72.2_135,Deesa,24.2,72.2,4,339,5.9663796,2.684006

Dehradun_30.32_78.03_683,Dehradun,30.3167,78.0333,4,343,9.482089,3.6931934

Dehradun / R?ni Pokhri_30.19_78.18_558,Dehradun / R?ni Pokhri,30.1897,78.1803,4,343,17.788923,6.149314

Dehri_24.92_84.18_0,Dehri,24.9167,84.1833,4,331,5.305369,2.7544374

Dhar_22.6_75.3_581,Dhar,22.6,75.3,4,331,6.501382,2.8383362

Dharmapuri_12.13_78.03_396,Dharmapuri,12.1333,78.0333,4,331,6.7452235,3.4824474

Dharmpur_30.9_77.02_1986,Dharmpur,30.9,77.0167,4,337,10.312183,5.4281077

Dharmsala_32.27_76.38_1211,Dharmsala,32.2667,76.3833,4,331,8.493619,5.310407

Dharwad_15.48_74.98_678,Dharwad,15.4833,74.9833,4,333,5.035469,2.8480206

Dhubri_26.02_89.98_0,Dhubri,26.0167,89.9833,4,339,28.461248,10.237744

Dhubri Rupsi_26.15_89.92_35,Dhubri Rupsi,26.15,89.9167,4,339,15.788456,7.568403

Diamond Harbour_22.18_88.2_4,Diamond Harbour,22.1833,88.2,4,333,8.763436,4.5899954

Dibrugarh / Mohanbari_27.48_95.02_110,Dibrugarh / Mohanbari,27.4833,95.0167,4,343,12.662701,7.3149114

Digha_21.83_87.78_0,Digha,21.8333,87.7833,4,333,10.278514,4.5256596

Diu_20.72_70.92_10,Diu,20.7167,70.9167,4,333,5.451342,2.4251907

Durg_21.18_81.28_292,Durg,21.1833,81.2833,4,333,6.8351192,3.2845154

Dwarka_22.37_69.08_10,Dwarka,22.3667,69.0833,4,339,29.458876,7.9949956

Erinpura / Jawai Dam Site_25.08_73.08_294,Erinpura / Jawai Dam Site,25.0833,73.0833,4,333,5.8911505,2.4404666

Forbesganj_26.3_87.27_59,Forbesganj,26.3,87.2667,4,333,7.672863,3.6489143

Fort Cochin_9.97_76.23_2,Fort Cochin,9.9667,76.2333,4,329,10.699273,6.124654

Fursatganj / R?e Bareli_26.25_81.37_107,Fursatganj / R?e Bareli,26.25,81.3667,4,333,4.925312,2.448546

Gadag_15.42_75.63_661,Gadag,15.4167,75.6333,4,376,7.1098447,3.309292

Gandhinagar_23.23_72.72_0,Gandhinagar,23.2333,72.7167,4,341,8.040085,3.3788776

Ganganagar_29.92_73.92_176,Ganganagar,29.9167,73.9167,4,339,5.999784,2.3063433

Gangtok_27.33_88.62_1756,Gangtok,27.3333,88.6167,4,333,10.612603,6.2190676

Gauhati_26.1_91.58_47,Gauhati,26.1,91.5833,4,335,13.156884,6.5126443

Gaya_24.75_84.95_110,Gaya,24.75,84.95,4,331,7.952186,3.4620674

Ghazipur_25.4_83.55_0,Ghazipur,25.4,83.55,4,331,5.080558,2.676279

Goa / Dabolim Airport_15.38_73.82_42,Goa / Dabolim Airport,15.3833,73.8167,4,333,13.793213,6.8957496

Goa / Panjim_15.48_73.82_58,Goa / Panjim,15.4833,73.8167,4,333,14.963089,6.856908

Goalpara_26.18_90.63_36,Goalpara,26.1833,90.6333,4,333,25.092339,10.097105

Golaghat_26.52_93.98_0,Golaghat,26.5167,93.9833,4,333,12.603682,6.328665

Gondia_21.47_80.2_311,Gondia,21.4667,80.2,4,337,8.737307,3.9128702

Gopalpur_19.27_84.88_16,Gopalpur,19.2667,84.8833,4,374,6.6082997,2.923471

Gorakhpur_26.75_83.37_76,Gorakhpur,26.75,83.3667,4,337,8.806164,3.7429283

Gulbarga_17.35_76.85_457,Gulbarga,17.35,76.85,4,343,8.789694,3.9187422

Gulmarg_34.05_74.4_2652,Gulmarg,34.05,74.4,4,331,8.093638,5.4138703

Guna_24.65_77.32_477,Guna,24.65,77.3167,4,372,9.749036,3.9677668

Gwalior_26.23_78.25_205,Gwalior,26.2333,78.25,4,334,9.190406,4.049504

Haflong_25.17_93.02_680,Haflong,25.1667,93.0167,4,331,17.489342,5.9889836

Hamirpur_25.95_80.15_109,Hamirpur,25.95,80.15,4,333,4.518664,2.3520668

Hanamkonda_18.02_79.57_266,Hanamkonda,18.0167,79.5667,4,333,5.131027,2.9529066

Hardoi_27.38_80.17_141,Hardoi,27.3833,80.1667,4,333,5.3233857,2.5728443

Harnai_17.82_73.1_17,Harnai,17.8167,73.1,4,374,17.301325,7.6649156

Hassan_13.0_76.15_955,Hassan,13.0,76.15,4,331,5.8155184,3.6048384

Haveri / H?veri_14.78_75.4_573,Haveri / H?veri,14.7833,75.4,4,333,5.4933105,3.3817458

Hissar_29.17_75.73_216,Hissar,29.1667,75.7333,4,334,6.4139705,2.5954528

Honavar_14.28_74.45_8,Honavar,14.2833,74.45,4,343,26.136122,11.896586

Hoshangabad_22.77_77.77_300,Hoshangabad,22.7667,77.7667,4,372,9.556709,4.239621

Hut Bay_10.58_92.55_5,Hut Bay,10.5833,92.55,4,329,8.55501,5.0295453

Hyderabad / Anthredigudam_17.24_78.43_617,Hyderabad / Anthredigudam,17.2406,78.4289,4,374,5.404728,2.9240742

Hyderabad Airport_17.45_78.47_530,Hyderabad Airport,17.45,78.4667,4,374,7.53691,3.783333

Imphal Tulihal_24.77_93.9_780,Imphal Tulihal,24.7667,93.9,4,337,10.671672,5.5507784

Indore_22.72_75.8_561,Indore,22.7167,75.8,4,372,6.230688,2.9184632

Jabalpur_23.2_79.95_391,Jabalpur,23.2,79.95,4,337,12.086404,4.148293

Jagdalpur_19.08_82.03_552,Jagdalpur,19.0833,82.0333,4,376,11.264652,5.1773553

Jaipur / Sanganer_26.82_75.8_385,Jaipur / Sanganer,26.8167,75.8,4,334,10.138275,3.3566015

Jaisalmer_26.9_70.92_231,Jaisalmer,26.9,70.9167,4,337,7.812981,2.0767229

Jalgaon_21.05_75.57_200,Jalgaon,21.05,75.5667,4,333,7.637755,3.4290307

Jalna / Badnapur_19.83_75.8_534,Jalna / Badnapur,19.8333,75.8,4,333,5.3875093,2.7266603

Jalpaiguri_26.53_88.72_0,Jalpaiguri,26.5333,88.7167,4,337,20.622564,8.620661

Jammu_32.67_74.83_366,Jammu,32.6667,74.8333,4,374,7.92497,3.5984097

Jammu / R?mb?gh_32.69_74.84_314,Jammu / R?mb?gh,32.6891,74.8374,4,341,11.911803,5.0079317

Jamnagar_22.45_70.08_14,Jamnagar,22.45,70.0833,4,331,16.471712,3.9728642

Jamshedpur_22.82_86.18_140,Jamshedpur,22.8167,86.1833,4,331,6.225246,3.3208468

Jamshedpur_22.82_86.18_128,Jamshedpur,22.8167,86.1833,4,331,6.223041,3.3206038

Jeur_18.2_75.2_519,Jeur,18.2,75.2,4,333,5.601476,2.8468003

Jhansi_25.45_78.58_250,Jhansi,25.45,78.5833,4,334,5.7341356,2.774217

Jharsuguda_21.92_84.08_228,Jharsuguda,21.9167,84.0833,4,343,7.157351,3.6185439

Jindal Vijaynagar_15.18_76.63_489,Jindal Vijaynagar,15.1758,76.6333,4,329,5.0710683,2.7612069

Jodhpur_26.3_73.02_217,Jodhpur,26.3,73.0167,4,335,5.108827,2.292844

Jorhat / Lengrabhita_26.07_90.17_880,Jorhat / Lengrabhita,26.0667,90.1667,4,335,12.496796,5.7665987

K. Paramathy_10.95_78.08_182,K. Paramathy,10.95,78.0833,4,331,6.9723964,4.075018

Kailashahar_24.32_92.0_27,Kailashahar,24.3167,92.0,4,372,19.125648,9.150691

Kakinada_16.95_82.23_2,Kakinada,16.95,82.2333,4,374,10.446551,4.7716203

Kalimpong_27.07_88.47_0,Kalimpong,27.0667,88.4667,4,333,10.855869,5.003776

Kalingapatam_18.33_84.13_5,Kalingapatam,18.3333,84.1333,4,374,10.73499,4.1926622

Kandla Aerodrome_23.15_70.12_29,Kandla Aerodrome,23.15,70.1167,4,331,8.659316,2.9515295

Kangra / Chari_32.17_76.26_770,Kangra / Chari,32.1651,76.2634,4,329,10.737474,4.6177325

Kanniyakumari_8.08_77.5_36,Kanniyakumari,8.0833,77.5,4,341,9.98626,3.9186242

Kanpur_26.43_80.37_125,Kanpur,26.4333,80.3667,4,333,5.2175574,2.5534716

Kanpur / Chakeri_26.4_80.4_123,Kanpur / Chakeri,26.4,80.4,4,333,5.2175574,2.5534716

Karaikal_10.92_79.83_7,Karaikal,10.9167,79.8333,4,338,18.21821,6.701829

Karnal_29.7_77.03_248,Karnal,29.7,77.0333,4,333,5.94801,2.6957133

Karwar_14.78_74.13_3,Karwar,14.7833,74.1333,4,336,24.388952,9.587011

Kavali_14.9_79.98_17,Kavali,14.9,79.9833,4,333,6.840047,3.3036265

Keongjhargarh_21.62_85.52_461,Keongjhargarh,21.6167,85.5167,4,333,5.9569206,3.2512727

Keshod_21.32_70.32_50,Keshod,21.3167,70.3167,4,333,9.2598095,3.7650554

Khajuraho_24.98_79.92_217,Khajuraho,24.9833,79.9167,4,331,5.4713793,2.6148367

Khammam_17.25_80.15_110,Khammam,17.25,80.15,4,333,6.1249404,3.1046605

Khandwa_21.83_76.37_317,Khandwa,21.8333,76.3667,4,333,8.966902,3.4716907

Khargone_21.82_75.62_250,Khargone,21.8167,75.6167,4,333,8.165358,3.1434612

Kodaikanal_10.23_77.47_2339,Kodaikanal,10.2333,77.4667,4,331,8.812957,5.6882105

Kohima_25.63_94.17_1405,Kohima,25.6333,94.1667,4,331,9.259719,4.6462593

Kolhapur_16.7_74.23_569,Kolhapur,16.7,74.2333,4,374,8.161046,4.416363

Koppal_15.35_76.15_532,Koppal,15.35,76.15,4,333,4.482373,2.6990998

Koraput_18.82_82.72_0,Koraput,18.8167,82.7167,4,333,5.087636,2.876431

Kota Aerodrome_25.15_75.85_273,Kota Aerodrome,25.15,75.85,4,339,9.714154,3.824365

Kothagudem_17.55_80.63_110,Kothagudem,17.55,80.6333,4,333,6.263077,3.1460109

Kottayam_9.58_76.52_39,Kottayam,9.5833,76.5167,4,329,11.482363,6.9298973

Kovilangulam / Aruppukkottai_9.55_78.08_103,Kovilangulam / Aruppukkottai,9.55,78.0833,4,335,7.8312783,4.1291776

Kozhikode_11.25_75.78_4,Kozhikode,11.25,75.7833,4,372,20.394556,9.815228

Krishnanagar_23.4_88.52_12,Krishnanagar,23.4,88.5167,4,331,10.066216,4.3237643

Kurnool_15.8_78.07_280,Kurnool,15.8,78.0667,4,339,6.4685116,3.347764

Lengpui / Hmunpui_23.84_92.62_426,Lengpui / Hmunpui,23.8406,92.6197,4,329,6.845488,4.0851674

Long Island_12.42_92.93_12,Long Island,12.4167,92.9333,4,331,7.7049756,4.2978377

Lucknow_26.87_80.93_110,Lucknow,26.8667,80.9333,4,336,7.431127,3.4561763

Lucknow / Amausi_26.75_80.88_122,Lucknow / Amausi,26.75,80.8833,4,336,7.4309316,3.4556072

Ludhiana_30.87_75.93_255,Ludhiana,30.8667,75.9333,4,336,5.0386434,2.4925373

Ludhiana / Dor?ha_30.85_75.95_254,Ludhiana / Dor?ha,30.8547,75.9526,4,336,6.7429357,2.6134675

Lumding_25.75_93.18_147,Lumding,25.75,93.1833,4,331,13.256608,5.6384983

M. O. Ranchi_23.32_85.32_652,M. O. Ranchi,23.3167,85.3167,4,376,13.046556,5.3667607

M.O. Agathi Airport / Kavaratti_10.85_72.47_3,M.O. Agathi Airport / Kavaratti,10.85,72.4667,4,331,14.271522,6.4374027

M.O. Karipur Airport / Kondotti_11.13_75.95_100,M.O. Karipur Airport / Kondotti,11.1333,75.95,4,372,12.140398,7.011613

M.O. Pondicherry / Puducherry_11.97_79.82_38,M.O. Pondicherry / Puducherry,11.9667,79.8167,4,343,10.807616,4.7401595

Machilipatnam_16.2_81.15_3,Machilipatnam,16.2,81.15,4,374,12.262478,4.521479

Madikeri_12.42_75.73_1150,Madikeri,12.4167,75.7333,4,331,8.643159,5.0967674

Madras_13.07_80.25_6,Madras,13.0667,80.25,4,343,13.805393,6.142032

Madras / Minambakkam_13.0_80.18_10,Madras / Minambakkam,13.0,80.1833,4,343,10.379544,4.2532077

Madurai_9.92_78.12_132,Madurai,9.9167,78.1167,4,335,7.780827,4.067517

Madurai_9.83_78.08_139,Madurai,9.8333,78.0833,4,335,7.7884746,4.635193

Mahabaleshwar_17.93_73.67_1384,Mahabaleshwar,17.9333,73.6667,4,343,32.765007,12.934476

Mahabubnagar_16.75_78.0_504,Mahabubnagar,16.75,78.0,4,333,3.5587685,2.2878947

Mahuva_21.08_71.78_8,Mahuva,21.0833,71.7833,4,333,7.0559726,2.6036193

Majbat_26.75_92.35_0,Majbat,26.75,92.35,4,333,14.838295,7.284077

Malanjkhand_22.0_80.7_580,Malanjkhand,22.0,80.7,4,331,6.823379,3.2647116

Malda_25.03_88.13_26,Malda,25.0333,88.1333,4,337,10.944724,5.2109413

Malegaon_20.55_74.53_436,Malegaon,20.55,74.5333,4,333,6.1444283,3.0781422

Mana / Raipur_21.23_81.65_313,Mana / Raipur,21.2333,81.65,4,333,6.2830305,2.912438

Manali_32.27_77.17_0,Manali,32.2667,77.1667,4,331,12.010255,6.398586

Mandi_31.72_76.97_760,Mandi,31.7167,76.9667,4,333,6.2252707,3.226447

Mandla_22.58_80.37_441,Mandla,22.5833,80.3667,4,331,11.841141,4.190827

Mandya_12.5_76.83_695,Mandya,12.5,76.8333,4,331,6.188637,3.732739

Mangalore / Bajpe_12.92_74.88_102,Mangalore / Bajpe,12.9167,74.8833,4,372,21.21842,10.705803

Mangalore / Panambur_12.95_74.83_32,Mangalore / Panambur,12.95,74.8333,4,372,12.408664,7.079365

Manipur Road / R?jb?ri_25.88_93.77_152,Manipur Road / R?jb?ri,25.88,93.77,4,329,13.094645,5.541708

Matheran_18.98_73.28_0,Matheran,18.9833,73.2833,4,333,7.788901,3.9508479

Maya Bandar_12.92_92.92_27,Maya Bandar,12.9167,92.9167,4,331,7.2878785,4.491512

Medak_18.05_78.27_472,Medak,18.05,78.2667,4,333,6.64865,2.7984931

Meerut_29.02_77.63_221,Meerut,29.0167,77.6333,4,333,8.597667,2.807719

Midnapore_22.42_87.32_0,Midnapore,22.4167,87.3167,4,331,9.154487,4.326578

Minicoy_8.3_73.15_1,Minicoy,8.3,73.15,4,376,17.476328,7.1241617

Moradabad_28.83_78.75_0,Moradabad,28.8333,78.75,4,333,5.4045973,2.6580663

Mormugao_15.42_73.78_61,Mormugao,15.4167,73.7833,4,333,14.006623,6.467673

Mount Abu_24.6_72.72_1196,Mount Abu,24.6,72.7167,4,331,5.657808,2.815705

Mukteshwar Kumaon_29.47_79.65_2310,Mukteshwar Kumaon,29.4667,79.65,4,343,7.3479486,4.246591

Muzaffarpur_26.12_85.4_52,Muzaffarpur,26.1167,85.4,4,333,6.400452,2.994046

Mysore_12.3_76.7_765,Mysore,12.3,76.7,4,331,6.0698256,3.7941434

Nagappattinam_10.77_79.85_2,Nagappattinam,10.7667,79.85,4,338,14.918334,5.7146053

Nagpur Mayo Hospital_21.15_79.12_311,Nagpur Mayo Hospital,21.15,79.1167,4,374,10.436604,4.3505554

Nagpur Sonegaon_21.1_79.05_308,Nagpur Sonegaon,21.1,79.05,4,374,10.436604,4.3505554

Nainital_29.4_79.47_1953,Nainital,29.4,79.4667,4,333,15.923633,4.521854

Najibabad_29.62_78.38_269,Najibabad,29.6167,78.3833,4,333,9.002813,3.2578125

Nalgonda_17.0_79.25_0,Nalgonda,17.0,79.25,4,333,4.9281874,2.7369335

Naliya_23.25_68.85_20,Naliya,23.25,68.85,4,334,21.225924,4.7921777

Nancowry_7.98_93.53_23,Nancowry,7.9833,93.5333,4,329,7.429405,4.9143214

Nanded_19.08_77.33_355,Nanded,19.0833,77.3333,4,333,5.4424286,3.0105674

Nandigama_16.78_80.28_0,Nandigama,16.7833,80.2833,4,333,6.6637907,3.2526844

Nandyal_15.47_78.48_211,Nandyal,15.4667,78.4833,4,333,5.094945,3.1376307

Narnaul_28.0_76.08_306,Narnaul,28.0,76.0833,4,333,4.473916,2.1147044

Narsapur_16.43_81.7_0,Narsapur,16.4333,81.7,4,333,6.1077623,3.4607055

Narsinghpur_22.95_79.18_354,Narsinghpur,22.95,79.1833,4,331,6.5714526,2.915745

Nasik_20.0_73.78_598,Nasik,20.0,73.7833,4,333,5.056786,2.5988448

Nasik Ozar_20.13_73.92_599,Nasik Ozar,20.1333,73.9167,4,333,4.2053423,2.3970942

Nautanwa_27.43_83.42_98,Nautanwa,27.4333,83.4167,4,329,8.699035,4.1266317

Nellore_14.45_79.98_19,Nellore,14.45,79.9833,4,343,11.862928,5.091905

New Delhi / Palam_28.57_77.12_220,New Delhi / Palam,28.5667,77.1167,4,374,8.8128605,3.9124033

New Delhi / Safdarjung_28.58_77.2_211,New Delhi / Safdarjung,28.5833,77.2,4,374,14.406235,4.6842933

New Kandla_23.0_70.22_10,New Kandla,23.0,70.2167,4,331,8.142946,2.693643

Nilambur_11.28_76.23_0,Nilambur,11.2833,76.2333,4,329,12.539818,7.171648

Nizamabad_18.67_78.1_379,Nizamabad,18.6667,78.1,4,337,7.9070377,3.40211

North Lakhimpur_27.23_94.12_101,North Lakhimpur,27.2333,94.1167,4,374,16.690636,9.450784

Nowgong_25.07_79.45_226,Nowgong,25.0667,79.45,4,333,5.4701896,2.5259564

Okha_22.48_69.12_5,Okha,22.4833,69.1167,4,339,24.228586,6.0371385

Ondal / And?l_23.62_87.2_86,Ondal / And?l,23.6167,87.2,4,331,7.569463,3.377883

Ongole_15.5_80.08_22,Ongole,15.5,80.0833,4,333,4.9771943,2.997799

Orai_25.98_79.5_140,Orai,25.9833,79.5,4,333,4.6549582,2.328089

Pachmarhi_22.47_78.43_1061,Pachmarhi,22.4667,78.4333,4,331,6.660987,3.4483488

Palakkad_10.77_76.65_95,Palakkad,10.7667,76.65,4,331,8.873849,4.9406495

Palayankottai_8.73_77.75_45,Palayankottai,8.7333,77.75,4,329,6.150046,4.2149177

Pamban_9.27_79.3_10,Pamban,9.2667,79.3,4,334,11.257733,5.4564404

Panagarh / P?n?garh_23.47_87.43_74,Panagarh / P?n?garh,23.4667,87.4333,4,331,5.9066234,3.0195122

Pantnagar_29.03_79.47_233,Pantnagar,29.0333,79.4667,4,333,12.215691,3.548247

Paradip C. W. R._20.3_86.68_4,Paradip C. W. R.,20.3,86.6833,4,333,10.2477665,4.0820293

Parangipettai_11.5_79.77_3,Parangipettai,11.5,79.7667,4,343,12.189182,4.7411904

Parbhani_19.27_76.77_422,Parbhani,19.2667,76.7667,4,333,5.9329643,2.932564

Pasighat_28.1_95.38_155,Pasighat,28.1,95.3833,4,341,22.363432,11.021794

Pathankot / Path?nkot_32.23_75.63_310,Pathankot / Path?nkot,32.2338,75.6346,4,331,7.5976458,3.4671996

Patiala_30.33_76.47_249,Patiala,30.3333,76.4667,4,338,7.346684,2.9126928

Patna_25.6_85.1_51,Patna,25.6,85.1,4,334,6.2300158,3.561789

Pbo Raipur_21.22_81.67_294,Pbo Raipur,21.2167,81.6667,4,333,6.243155,2.9843295

Pendra Road_22.77_81.9_624,Pendra Road,22.7667,81.9,4,372,9.876533,4.3335238

Periakulum / Ellakkal_10.0_77.13_300,Periakulum / Ellakkal,10.0,77.1333,4,329,10.508237,6.064245

Phalodi_27.13_72.37_233,Phalodi,27.1333,72.3667,4,333,6.306514,1.907434

Pilani_28.33_75.58_300,Pilani,28.3333,75.5833,4,333,4.366436,2.0997097

Pondicherry / Auroville_11.97_79.81_36,Pondicherry / Auroville,11.9687,79.8101,4,343,9.836274,4.3714066

Poona_18.53_73.85_555,Poona,18.5333,73.85,4,374,5.7151937,2.7872622

Poona / Lohogaon Aerodrome_18.58_73.92_589,Poona / Lohogaon Aerodrome,18.5833,73.9167,4,374,12.437343,4.6146464

Porbandar_21.65_69.67_5,Porbandar,21.65,69.6667,4,337,31.839518,6.653517

Port Blair_11.67_92.72_73,Port Blair,11.6667,92.7167,4,407,8.500084,5.2450967

Port Blair / Portblair / Austin?b?d_11.64_92.73_4,Port Blair / Portblair / Austin?b?d,11.6412,92.7297,4,407,18.891733,9.157992

Punalur_9.0_76.92_33,Punalur,9.0,76.9167,4,329,11.978161,6.848502

Puri_19.8_85.82_5,Puri,19.8,85.8167,4,376,8.870437,4.3412623

Purnea_25.27_87.47_0,Purnea,25.2667,87.4667,4,339,9.71238,4.641409

Purulia_23.33_86.42_254,Purulia,23.3333,86.4167,4,331,7.73937,3.1478426

Qazi Gund_33.58_75.08_0,Qazi Gund,33.5833,75.0833,4,331,10.150425,4.743952

Raichur_16.2_77.35_398,Raichur,16.2,77.35,4,333,5.654924,3.021434

Raipur / Phundardih_21.22_81.67_294,Raipur / Phundardih,21.2167,81.6667,4,333,6.243155,2.9843295

Raisen_23.32_77.83_435,Raisen,23.3167,77.8333,4,331,5.1347747,2.5069432

Rajahmundry / R?j?nagaram_17.11_81.82_46,Rajahmundry / R?j?nagaram,17.1104,81.8182,4,329,7.447615,3.1754413

Rajgarh_24.0_76.72_380,Rajgarh,24.0,76.7167,4,331,5.614134,2.5035608

Rajkot_22.3_70.78_134,Rajkot,22.3,70.7833,4,339,24.235477,5.6024117

Rajnandgaon / R?j N?ndgaon_21.1_81.03_329,Rajnandgaon / R?j N?ndgaon,21.1,81.0333,4,333,7.043324,3.413523

Ramgundam_18.77_79.43_156,Ramgundam,18.7667,79.4333,4,374,8.506752,4.540796

Rampur_28.75_79.0_191,Rampur,28.75,79.0,4,333,5.4247646,2.6677709

Ranchi / Silwai_23.43_85.4_647,Ranchi / Silwai,23.4333,85.4,4,376,13.046556,5.3667607

Rangia_26.43_91.62_57,Rangia,26.4333,91.6167,4,333,19.258871,8.752849

Ratlam_23.32_75.05_484,Ratlam,23.3167,75.05,4,331,7.572237,2.9472692

Ratnagiri_16.98_73.33_75,Ratnagiri,16.9833,73.3333,4,374,22.853876,10.0485525

Raxaul_26.98_84.85_83,Raxaul,26.9833,84.85,4,329,8.782039,3.6029015

Rentachintala_16.55_79.55_104,Rentachintala,16.55,79.55,4,333,5.50766,2.8457491

Rewa_24.53_81.3_298,Rewa,24.5333,81.3,4,331,6.0848393,2.8047166

Rohtak_28.83_76.58_0,Rohtak,28.8333,76.5833,4,333,4.83751,2.0183856

Rourkela_22.22_84.88_0,Rourkela,22.2167,84.8833,4,331,9.00641,3.6530025

Sabaur_25.23_87.07_36,Sabaur,25.2333,87.0667,4,333,6.2953887,3.3555865

Sagar_23.85_78.75_550,Sagar,23.85,78.75,4,331,12.5977,4.3500743

Salem_11.65_78.17_279,Salem,11.65,78.1667,4,333,11.851371,5.5143757

Sambalpur_21.47_83.97_0,Sambalpur,21.4667,83.9667,4,343,7.009309,3.790896

Sangli_16.85_74.6_545,Sangli,16.85,74.6,4,333,6.718654,3.472436

Satara_17.52_74.05_610,Satara,17.5167,74.05,4,333,7.149484,3.145742

Satna_24.57_80.83_315,Satna,24.5667,80.8333,4,337,10.985296,4.3462553

Sawai Madhopur_25.98_76.37_0,Sawai Madhopur,25.9833,76.3667,4,276,6.6466327,3.0640545

Seoni_22.08_79.55_617,Seoni,22.0833,79.55,4,331,6.877921,3.1955492

Shahjahanpur_27.88_79.9_155,Shahjahanpur,27.8833,79.9,4,333,6.241304,2.7513485

Shajapur_23.43_76.32_444,Shajapur,23.4333,76.3167,4,331,5.1169057,2.3989165

Shanti Niketan_23.65_87.7_58,Shanti Niketan,23.65,87.7,4,331,6.4897623,3.3912892

Sheopur_25.67_76.68_234,Sheopur,25.6667,76.6833,4,278,7.9831486,3.4284294

Shillong_25.57_91.88_1598,Shillong,25.5667,91.8833,4,376,17.423546,6.998092

Shimla_31.1_77.17_2205,Shimla,31.1,77.1667,4,337,4.934028,3.3109827

Shimla / Kanda_31.08_77.07_1546,Shimla / Kanda,31.0818,77.068,4,329,10.436336,5.5253377

Shimoga_13.93_75.63_571,Shimoga,13.9333,75.6333,4,333,7.1144147,4.2910094

Shirali_14.07_74.53_45,Shirali,14.0667,74.5333,4,343,14.486298,7.863494

Shivpuri_25.33_77.65_463,Shivpuri,25.3333,77.65,4,333,7.4279227,2.8721159

Sholapur_17.67_75.9_477,Sholapur,17.6667,75.9,4,339,6.3213077,3.2665854

Sidhi_24.42_81.87_270,Sidhi,24.4167,81.8667,4,331,5.758936,2.645636

Sikar_27.62_75.13_431,Sikar,27.6167,75.1333,4,333,4.6166863,2.025172

Silchar_24.75_92.8_21,Silchar,24.75,92.8,4,372,17.786741,9.261198

Siliguri_26.67_88.37_123,Siliguri,26.6667,88.3667,4,333,13.76524,5.7505703

Siliguri_26.63_88.32_126,Siliguri,26.6333,88.3167,4,333,12.537684,5.537892

Srinagar_34.08_74.83_1585,Srinagar,34.0833,74.8333,4,376,6.780906,4.1569233

Srinagar_33.98_74.78_1664,Srinagar,33.9833,74.7833,4,376,9.298753,5.3809566

Sundargarh_22.02_84.0_240,Sundargarh,22.0167,84.0,4,343,11.398969,3.9255373

Sundernagar / Sundarnagar_31.53_76.9_874,Sundernagar / Sundarnagar,31.5333,76.9,4,333,5.8147926,3.061825

Supaul_26.13_86.58_0,Supaul,26.1333,86.5833,4,333,6.4904194,3.364469

Surat_21.2_72.83_10,Surat,21.2,72.8333,4,343,10.5849905,3.8211083

Surat / Magdala_21.11_72.74_5,Surat / Magdala,21.1141,72.7418,4,343,9.118037,4.211559

Surendranagar_22.73_71.6_72,Surendranagar,22.7333,71.6,4,331,13.205945,3.5457742

T.B.I.A_19.15_72.0_13,T.B.I.A,19.15,72.0,4,333,6.111358,3.2992876

Tehri_30.4_78.48_0,Tehri,30.4,78.4833,4,343,8.389745,4.1231794

Tezpur_26.62_92.78_77,Tezpur,26.6167,92.7833,4,334,10.026915,5.564122

Thanjavur_10.78_79.13_0,Thanjavur,10.7833,79.1333,4,331,7.9014926,4.334753

Thiruvananthapuram_8.48_76.95_60,Thiruvananthapuram,8.4833,76.95,4,376,14.938079,8.170357

Thiruvananthapuram_8.47_76.95_4,Thiruvananthapuram,8.4667,76.95,4,376,14.51117,8.434376

Thrissur_10.52_76.22_40,Thrissur,10.5167,76.2167,4,329,10.673563,6.4091754

Tikamgarh_24.77_78.83_344,Tikamgarh,24.7667,78.8333,4,331,5.818366,2.585356

Tiruchchirapalli_10.77_78.72_85,Tiruchchirapalli,10.7667,78.7167,4,333,13.4081545,5.2098694

Tirupathi_13.67_79.58_110,Tirupathi,13.6667,79.5833,4,331,8.682913,3.5612602

Tirupati / Renigunta_13.63_79.54_107,Tirupati / Renigunta,13.6325,79.5433,4,331,6.519742,3.0770798

Tiruppattur_12.48_78.57_385,Tiruppattur,12.4833,78.5667,4,331,9.2067795,4.3643246

Tiruttani_13.15_79.53_0,Tiruttani,13.15,79.5333,4,331,6.7877274,3.4424696

Tondi_9.73_79.03_4,Tondi,9.7333,79.0333,4,333,11.921857,5.778703

Tuni_17.35_82.55_35,Tuni,17.35,82.55,4,333,6.4260583,3.1271276

Tuticorin New Port_8.75_78.18_0,Tuticorin New Port,8.75,78.1833,4,329,6.0772185,3.8969533

Udaipur_24.58_73.7_581,Udaipur,24.5833,73.7,4,372,7.1166596,3.0672336

Udaipur / Naramagra_24.62_73.9_513,Udaipur / Naramagra,24.6177,73.8961,4,372,7.018979,2.8815837

Udaipur Dabok_24.62_73.88_509,Udaipur Dabok,24.6167,73.8833,4,372,7.0152984,2.8524842

Udgir_18.07_77.12_639,Udgir,18.0667,77.1167,4,333,5.3163724,2.8988795

Udhagamandalam_11.4_76.73_2236,Udhagamandalam,11.4,76.7333,4,331,8.113781,5.2936726

Ujjain_23.18_75.78_488,Ujjain,23.1833,75.7833,4,331,4.7233515,2.0855336

Uluberia_22.5_87.95_0,Uluberia,22.5,87.95,4,331,9.558671,4.733678

Umaria_23.53_80.88_458,Umaria,23.5333,80.8833,4,331,6.6203504,2.7762566

Una_31.47_76.27_365,Una,31.4667,76.2667,4,333,5.962587,2.8531506

Vallabh Vidyanagar_22.57_72.93_41,Vallabh Vidyanagar,22.5667,72.9333,4,331,8.04894,3.297236

Valparai_10.28_77.0_1041,Valparai,10.2833,77.0,4,331,12.7426195,7.2415833

Varanasi_25.3_83.02_88,Varanasi,25.3,83.0167,4,337,7.7092233,3.5201285

Varanasi / Babatpur_25.45_82.87_81,Varanasi / Babatpur,25.45,82.8667,4,337,6.995676,2.9804785

Vellore_12.92_79.15_213,Vellore,12.9167,79.15,4,331,5.96234,3.1262827

Vengurla_15.87_73.63_15,Vengurla,15.8667,73.6333,4,333,15.872556,6.9476285

Veraval_20.9_70.37_6,Veraval,20.9,70.3667,4,339,10.934643,3.6780694

Vidisha_23.53_77.82_425,Vidisha,23.5333,77.8167,4,331,5.13585,2.5078483

Vijayawada / Gannavaram_16.53_80.8_21,Vijayawada / Gannavaram,16.5333,80.8,4,339,9.205477,4.0913987

Vishakhapatnam_17.72_83.23_3,Vishakhapatnam,17.7167,83.2333,4,374,8.756317,4.2260036

Vishakhapatnam / Gajuwaka_17.72_83.22_5,Vishakhapatnam / Gajuwaka,17.7212,83.2245,4,374,9.406323,3.9266407

Vizagapatam / Gajuwaka_17.72_83.23_5,Vizagapatam / Gajuwaka,17.7167,83.2333,4,374,8.748003,4.172448

Wardha_20.67_78.58_282,Wardha,20.6667,78.5833,4,333,7.28651,3.2832098

Washim / W?sh?m_20.12_77.13_565,Washim / W?sh?m,20.1167,77.1333,4,333,5.9444604,2.9300137

Yeotmal_20.4_78.15_450,Yeotmal,20.4,78.15,4,333,9.248033,3.5687838

Yercaud_11.75_78.17_1463,Yercaud,11.75,78.1667,4,331,9.45845,4.696794

