model,horizon,seed,threshold_mm,POD,FAR,CSI,Bias,HSS,Accuracy,hits,misses,false_alarms,correct_negatives,n,n_obs_event,n_pred_event
lstm,1,13,0.1,0.9702564283074324,0.5166327640023849,0.47630937775397003,2.0072862950773507,0.23393658432564882,0.5709209063944557,55129,1690,58923,25521,141263,56819,114052
lstm,1,13,1.0,0.9306852128454071,0.4787530226782563,0.501767851525637,1.785497572815534,0.45714322159528337,0.7196930547984964,39878,2970,36627,61788,141263,42848,76505
lstm,1,13,5.0,0.7687780703112901,0.4162060449253205,0.4965986394557823,1.3168654173764907,0.5753832450772632,0.857513998711623,19856,5972,14156,101279,141263,25828,34012
lstm,1,13,10.0,0.547482628306717,0.45027235448925884,0.37798257795732865,0.9959161282457637,0.48942728231652477,0.895365382301098,8982,7424,7357,117500,141263,16406,16339
lstm,1,13,35.6,0.22859772936483583,0.42736356648731744,0.19528178243774574,0.39920220926664624,0.31777333680371894,0.9782674868861627,745,2514,556,137448,141263,3259,1301
lstm,1,13,64.4,0.11457286432160804,0.5148936170212766,0.10215053763440861,0.23618090452261306,0.1831673840170636,0.9929068475113795,114,881,121,140147,141263,995,235
lstm,1,13,124.4,0.047619047619047616,0.38461538461538464,0.046242774566473986,0.07738095238095238,0.0882420303209439,0.9988319659075625,8,160,5,141090,141263,168,13
lstm,1,42,0.1,0.9428184234147028,0.5051407351297423,0.48043981273878494,1.9052253647547475,0.25717401835733833,0.5898996906479403,53570,3249,54683,29761,141263,56819,108253
lstm,1,42,1.0,0.9136949215832711,0.5047563629003694,0.47311178247734137,1.8449402539208364,0.4103628072033275,0.6913558398165125,39150,3698,39902,58513,141263,42848,79052
lstm,1,42,5.0,0.7615765835527335,0.43397312307559494,0.48082329071842383,1.3454777760569925,0.556333225806161,0.8496492358225438,19670,6158,15081,100354,141263,25828,34751
lstm,1,42,10.0,0.5501645739363648,0.4611021553525584,0.3740726926105516,1.0209069852492991,0.483915893876431,0.8930859460722199,9026,7380,7723,117134,141263,16406,16749
lstm,1,42,35.6,0.24424670144216018,0.4429671098670399,0.20452209660842754,0.43847806075483275,0.3301694765067352,0.9780834330291726,796,2463,633,137371,141263,3259,1429
lstm,1,42,64.4,0.14170854271356784,0.53,0.12218370883882149,0.3015075376884422,0.21519946532435005,0.9928289785718837,141,854,159,140109,141263,995,300
lstm,1,42,124.4,0.03571428571428571,0.45454545454545453,0.03468208092485549,0.06547619047619048,0.06690271774646156,0.9988178079185632,6,162,5,141090,141263,168,11
lstm,1,123,0.1,0.9872577834879178,0.5864420524918903,0.4113622363673697,2.387229623893416,0.036899688626462986,0.43177619050989996,56095,724,79545,4899,141263,56819,135640
lstm,1,123,1.0,0.9552837938760269,0.5839059895092099,0.40814454371410336,2.2958364451082898,0.27209368862018524,0.5798192024804797,40932,1916,57440,40975,141263,42848,98372
lstm,1,123,5.0,0.7931314852098498,0.4472327909549637,0.4831140040564124,1.4348381601362863,0.5557563694944612,0.8448496775518005,20485,5343,16574,98861,141263,25828,37059
lstm,1,123,10.0,0.5649152748994271,0.46458694396302713,0.37909031413612565,1.0551017920273071,0.4888080448657293,0.892540863495749,9268,7138,8042,116815,141263,16406,17310
lstm,1,123,35.6,0.2236882479288125,0.42371541501976284,0.19209486166007905,0.38815587603559376,0.31342301566310543,0.9782958028641612,729,2530,536,137468,141263,3259,1265
lstm,1,123,64.4,0.09949748743718594,0.4342857142857143,0.09243697478991597,0.17587939698492464,0.16747659272031268,0.9931192173463681,99,896,76,140192,141263,995,175
lstm,1,123,124.4,0.017857142857142856,0.25,0.01775147928994083,0.023809523809523808,0.034830332634033984,0.9988248869130628,3,165,1,141094,141263,168,4
temporal,1,13,0.1,0.9899505447121562,0.5917016303479915,0.4066130279832,2.4245762861014803,0.019990055783555012,0.41892073649858774,56248,571,81514,2930,141263,56819,137762
temporal,1,13,1.0,0.9218633308439134,0.5129770051168239,0.4677157709021586,1.8928538088125466,0.3986328548837024,0.6817779602585249,39500,3348,41605,56810,141263,42848,81105
temporal,1,13,5.0,0.7259563264673997,0.3959212603498824,0.4919064984127817,1.2017577822518197,0.5745095944571208,0.8629011135258348,18750,7078,12289,103146,141263,25828,31039
temporal,1,13,10.0,0.5149945142021212,0.4329530201342282,0.3696460602878768,0.9082043154943313,0.48256583148264787,0.8980058472494566,8449,7957,6451,118406,141263,16406,14900
temporal,1,13,35.6,0.20895980362074257,0.4282115869017632,0.1806845317060228,0.36544952439398587,0.29739077674086106,0.9781400649851695,681,2578,510,137494,141263,3259,1191
temporal,1,13,64.4,0.09346733668341708,0.47752808988764045,0.08611111111111111,0.17889447236180905,0.1567651923682365,0.9930130324288738,93,902,85,140183,141263,995,178
temporal,1,13,124.4,0.041666666666666664,0.3,0.04093567251461988,0.05952380952380952,0.07852855288327194,0.9988390449020621,7,161,3,141092,141263,168,10
temporal,1,42,0.1,0.9293018180538201,0.5305863003956083,0.4532282707593003,1.979707492212112,0.1917910763677748,0.5490680503741249,52802,4017,59683,24761,141263,56819,112485
temporal,1,42,1.0,0.8805078416728902,0.4974692311790719,0.4704474038605417,1.7521471247199403,0.4132615635804934,0.6993692615900837,37728,5120,37348,61067,141263,42848,75076
temporal,1,42,5.0,0.6928140003097414,0.3827100869325238,0.4846433020963111,1.1223478395539723,0.5696569173702047,0.8653008926612064,17894,7934,11094,104341,141263,25828,28988
temporal,1,42,10.0,0.5108496891381202,0.43676075268817205,0.3659026413446846,0.9069852492990369,0.47811214411737185,0.8971846838875006,8381,8025,6499,118358,141263,16406,14880
temporal,1,42,35.6,0.20681190549248235,0.4229452054794521,0.1795896616040501,0.3583921448297024,0.29592399941247693,0.9782037759356661,674,2585,494,137510,141263,3259,1168
temporal,1,42,64.4,0.0914572864321608,0.4451219512195122,0.0852059925093633,0.16482412060301507,0.15534823164353295,0.99308382237387,91,904,73,140195,141263,995,164
temporal,1,42,124.4,0.017857142857142856,0.0,0.017857142857142856,0.017857142857142856,0.0350474529770763,0.9988319659075625,3,165,0,141095,141263,168,3
temporal,1,123,0.1,0.8952639081997219,0.4054420496516901,0.5558918989804059,1.505763916999595,0.4474650144692245,0.7123167425298911,50868,5951,34688,49756,141263,56819,85556
temporal,1,123,1.0,0.8678351381628081,0.38330265187322754,0.5637507580351728,1.4072302091112772,0.5677244472031868,0.7963019332733978,37185,5663,23112,75303,141263,42848,60297
temporal,1,123,5.0,0.7059392906922719,0.38706424177227955,0.4882705800439184,1.1517345516493729,0.5724801420810843,0.8647274941067371,18233,7595,11514,103921,141263,25828,29747
temporal,1,123,10.0,0.5238936974277704,0.44097560975609756,0.3706978349003709,0.9371571376325735,0.4827676112086611,0.896710391256026,8595,7811,6780,118077,141263,16406,15375
temporal,1,123,35.6,0.2608162012887389,0.45721583652618136,0.2138364779874214,0.48051549555078243,0.3424850122944128,0.9778781421886835,850,2409,716,137288,141263,3259,1566
temporal,1,123,64.4,0.13266331658291458,0.5368421052631579,0.11498257839721254,0.2864321608040201,0.20375248773241886,0.9928077415883848,132,863,153,140115,141263,995,285
temporal,1,123,124.4,0.047619047619047616,0.38461538461538464,0.046242774566473986,0.07738095238095238,0.0882420303209439,0.9988319659075625,8,160,5,141090,141263,168,13
attention,1,13,0.1,0.9998240025343635,0.5975616667375072,0.4024098263111665,2.484415424417888,0.0007254873025230159,0.40279478702845045,56809,10,84353,91,141263,56819,141162
attention,1,13,1.0,0.9761015683345781,0.6196746355791177,0.37681655599902697,2.5664908513816282,0.19669232204182055,0.5103530294556962,41824,1024,68145,30270,141263,42848,109969
attention,1,13,5.0,0.7697847297506581,0.4319103948797074,0.485590074247753,1.3550410407309896,0.5614659031333218,0.8509022178489767,19882,5946,15116,100319,141263,25828,34998
attention,1,13,10.0,0.5335852736803608,0.4606949236076885,0.3665215206833026,0.9893941241009386,0.4758847488049112,0.8928948132207302,8754,7652,7478,117379,141263,16406,16232
attention,1,13,35.6,0.21509665541577172,0.4396482813749001,0.18403780519821475,0.3838600797790733,0.30193034363073534,0.9779984850951771,701,2558,550,137454,141263,3259,1251
attention,1,13,64.4,0.08442211055276382,0.5227272727272727,0.07727690892364306,0.17688442211055277,0.14164974538212866,0.9928997685168799,84,911,92,140176,141263,995,176
attention,1,13,124.4,0.03571428571428571,0.4,0.03488372093023256,0.05952380952380952,0.06729109621111673,0.9988248869130628,6,162,4,141091,141263,168,10
attention,1,42,0.1,0.9525158837712737,0.5200166731703856,0.468766781575346,1.984477023530861,0.22234584693713424,0.5658240303547284,54121,2698,58635,25809,141263,56819,112756
attention,1,42,1.0,0.9022124719940254,0.47567442932902926,0.49613059715858776,1.720710418222554,0.45356938914864725,0.7220715969503692,38658,4190,35071,63344,141263,42848,73729
attention,1,42,5.0,0.7042357131794951,0.39287025601655595,0.4837757327517421,1.1599426978472975,0.5670708535123945,0.8626037957568506,18189,7639,11770,103665,141263,25828,29959
attention,1,42,10.0,0.4797635011581129,0.4182557280118256,0.3567187854067528,0.8246982811166647,0.4702408162867678,0.8995207520723756,7871,8535,5659,119198,141263,16406,13530
attention,1,42,35.6,0.1825713409021172,0.39838220424671383,0.16287982480153299,0.30346732126419146,0.2723148062047039,0.9783524348201581,595,2664,394,137610,141263,3259,989
attention,1,42,64.4,0.08442211055276382,0.4246575342465753,0.07947019867549669,0.14673366834170853,0.1456993280207879,0.9931121383518685,84,911,62,140206,141263,995,146
attention,1,42,124.4,0.02976190476190476,0.2857142857142857,0.029411764705882353,0.041666666666666664,0.057053143589098264,0.9988319659075625,5,163,2,141093,141263,168,7
attention,1,123,0.1,0.9815026663616044,0.5569115380337195,0.4394191296399896,2.2151393019940513,0.12632865470868407,0.49636493632444445,55768,1051,70094,14350,141263,56819,125862
attention,1,123,1.0,0.9335558252427184,0.4996747967479675,0.4831213691317318,1.8658980582524272,0.4239875953708905,0.6970473513942079,40001,2847,39949,58466,141263,42848,79950
attention,1,123,5.0,0.7396236642403593,0.4078058156116312,0.4900341174358053,1.248954622889887,0.5705348469964531,0.8592695893475291,19103,6725,13155,102280,141263,25828,32258
attention,1,123,10.0,0.5505912471047177,0.45649819494584837,0.3764848080690201,1.0130440082896501,0.48706648812711845,0.8940982422856657,9033,7373,7587,117270,141263,16406,16620
attention,1,123,35.6,0.22123350721080087,0.4194847020933977,0.19074074074074074,0.3810984964713102,0.31160861323165623,0.9783453558256585,721,2538,521,137483,141263,3259,1242
attention,1,123,64.4,0.06030150753768844,0.3548387096774194,0.058365758754863814,0.09346733668341708,0.10922149136279115,0.9931475333243666,60,935,33,140235,141263,995,93
attention,1,123,124.4,0.017857142857142856,0.25,0.01775147928994083,0.023809523809523808,0.034830332634033984,0.9988248869130628,3,165,1,141094,141263,168,4
persistence,1,n/a,0.1,0.7867262711416956,0.2123171806167401,0.6490823023755591,0.9987856174871081,0.6441679490959442,0.8289219399276527,44701,12118,12049,72395,141263,56819,56750
persistence,1,n/a,1.0,0.7368605302464526,0.2624681725805321,0.5837770874935286,0.9990898058252428,0.6228509879244011,0.8406447548190255,31573,11275,11236,87179,141263,42848,42809
persistence,1,n/a,5.0,0.6208765680656652,0.37823271683920745,0.450664643228508,0.9985674461824376,0.5366685308532181,0.8616268945159029,16036,9792,9755,105680,141263,25828,25791
persistence,1,n/a,10.0,0.5158478605388273,0.4837430610626487,0.34775641025641024,0.9992076069730587,0.45249092090626847,0.8876351203075116,8463,7943,7930,116927,141263,16406,16393
persistence,1,n/a,35.6,0.34826633936790424,0.6506617420744845,0.21124139214591475,0.9969315741024855,0.33344744110271035,0.969999221310605,1135,2124,2114,135890,141263,3259,3249
persistence,1,n/a,64.4,0.23115577889447236,0.7676767676767676,0.13105413105413105,0.9949748743718593,0.22630214441183408,0.9892045333880776,230,765,760,139508,141263,995,990
persistence,1,n/a,124.4,0.22023809523809523,0.7784431137724551,0.12416107382550336,0.9940476190476191,0.21997062516754193,0.9981523824355989,37,131,130,140965,141263,168,167
lstm,2,13,0.1,0.8891048864540072,0.42671893160737484,0.535024938053662,1.5509057170628258,0.40700538348908066,0.6891427840145606,50310,6275,37448,46620,140653,56585,87758
lstm,2,13,1.0,0.8795784543325527,0.4555943701169752,0.5066436443593099,1.6156674473067916,0.4760396797443057,0.7399771067805165,37558,5142,31431,66522,140653,42700,68989
lstm,2,13,5.0,0.7626072440700338,0.4808530880837231,0.44692178186285664,1.4689623044372841,0.5112431519804942,0.8271633025957498,19644,6115,18195,96699,140653,25759,37839
lstm,2,13,10.0,0.44588321524554114,0.5233742491512144,0.29932753813350826,0.935499633520645,0.3923712985372517,0.8785095234371112,7300,9072,8016,116265,140653,16372,15316
lstm,2,13,35.6,0.08717004297114794,0.4239350912778905,0.08191520046149409,0.15131982811540823,0.14622783571091388,0.9773698392497849,284,2974,209,137186,140653,3258,493
lstm,2,13,64.4,0.024120603015075376,0.3142857142857143,0.02385685884691849,0.035175879396984924,0.04614335869147754,0.9930182790271093,24,971,11,139647,140653,995,35
lstm,2,13,124.4,0.0,,0.0,0.0,0.0,0.9987913517664039,0,170,0,140483,140653,170,0
lstm,2,42,0.1,0.986710258902536,0.5772149023171286,0.4203912297081589,2.3338340549615624,0.06566369992591253,0.45270275074118577,55833,752,76227,7841,140653,56585,132060
lstm,2,42,1.0,0.9671428571428572,0.6184118125369604,0.3767046439289591,2.534519906323185,0.198135053508848,0.5141945070492631,41297,1403,66927,31026,140653,42700,108224
lstm,2,42,5.0,0.7880740711984161,0.5136443134718129,0.4301029704648502,1.6203656974261422,0.4848108661137423,0.8087634106631213,20300,5459,21439,93455,140653,25759,41739
lstm,2,42,10.0,0.48540190569264596,0.5472052874480087,0.3059362488450878,1.0720131932567798,0.395752865488592,0.8718192999793819,7947,8425,9604,114677,140653,16372,17551
lstm,2,42,35.6,0.11786372007366483,0.46143057503506313,0.10705324783942013,0.21884591774094536,0.1866365649876843,0.9772276453399501,384,2874,329,137066,140653,3258,713
lstm,2,42,64.4,0.02613065326633166,0.4222222222222222,0.02564102564102564,0.04522613065326633,0.04941806723967742,0.9929756208541588,26,969,19,139639,140653,995,45
lstm,2,42,124.4,0.0,,0.0,0.0,0.0,0.9987913517664039,0,170,0,140483,140653,170,0
lstm,2,123,0.1,0.9842537775028718,0.5718480934809348,0.4252391750845607,2.2988424494123882,0.08201109735569737,0.46480345246813076,55694,891,74386,9682,140653,56585,130080
lstm,2,123,1.0,0.9425292740046839,0.5758667931288861,0.41344099276791585,2.222248243559719,0.28605929133706154,0.5940506068125102,40246,2454,54644,43309,140653,42700,94890
lstm,2,123,5.0,0.7280173919795023,0.4608263132169863,0.44877593509943287,1.350246515780892,0.518122291093776,0.8362352740432127,18753,7006,16028,98866,140653,25759,34781
lstm,2,123,10.0,0.4101514781333985,0.5068664169787765,0.28851937784652404,0.8317248961641828,0.38256377509491407,0.8822705523522427,6715,9657,6902,117379,140653,16372,13617
lstm,2,123,35.6,0.09699201964395335,0.4296028880866426,0.09038901601830664,0.17004297114794353,0.16013769822456347,0.9773911683362602,316,2942,238,137157,140653,3258,554
lstm,2,123,64.4,0.017085427135678392,0.2608695652173913,0.016983016983016984,0.023115577889447236,0.03308974164578468,0.9930040596361258,17,978,6,139652,140653,995,23
lstm,2,123,124.4,0.0058823529411764705,0.5,0.005847953216374269,0.011764705882352941,0.011600124935799327,0.9987913517664039,1,169,1,140482,140653,170,2
temporal,2,13,0.1,0.9733675002209066,0.5704648786916952,0.4245456087070467,2.266095254926217,0.08554643828473132,0.46921857336850264,55078,1507,73149,10919,140653,56585,128227
temporal,2,13,1.0,0.9200702576112412,0.5362122088562018,0.44582510610290277,1.983817330210773,0.357234668359212,0.6527980206607751,39287,3413,45422,52531,140653,42700,84709
temporal,2,13,5.0,0.7246011102915486,0.4649716218540389,0.4446164840400191,1.354322760976746,0.5129217318541645,0.8342374496100332,18665,7094,16221,98673,140653,25759,34886
temporal,2,13,10.0,0.41534326899584656,0.505274645325573,0.29163271432860144,0.8395431224041046,0.3863767038516894,0.8825691595628959,6800,9572,6945,117336,140653,16372,13745
temporal,2,13,35.6,0.09637814610190301,0.4174397031539889,0.09015216767154752,0.16543891958256599,0.15986879451131314,0.9774693749866693,314,2944,225,137170,140653,3258,539
temporal,2,13,64.4,0.024120603015075376,0.29411764705882354,0.023880597014925373,0.034170854271356785,0.04620134381897071,0.993025388722601,24,971,10,139648,140653,995,34
temporal,2,13,124.4,0.0058823529411764705,0.5,0.005847953216374269,0.011764705882352941,0.011600124935799327,0.9987913517664039,1,169,1,140482,140653,170,2
temporal,2,42,0.1,0.9874348325527966,0.5792430380890703,0.4185161604434291,2.3468056905540338,0.05938741173895329,0.4480672292805699,55874,711,76920,7148,140653,56585,132794
temporal,2,42,1.0,0.942576112412178,0.5825848872663915,0.407063535408702,2.258126463700234,0.27242849902037386,0.5831869921011283,40248,2452,56174,41779,140653,42700,96422
temporal,2,42,5.0,0.7335300283396095,0.4688237939952772,0.4452587425770572,1.380954229589658,0.5126266987653705,0.8326306584288995,18895,6864,16677,98217,140653,25759,35572
temporal,2,42,10.0,0.3998289763010017,0.5012191405059433,0.28522875816993465,0.8016125091619839,0.3795936346042297,0.8833725551534628,6546,9826,6578,117703,140653,16372,13124
temporal,2,42,35.6,0.0847145488029466,0.44016227180527384,0.07942446043165467,0.15131982811540823,0.1419361754443021,0.9772560841219171,276,2982,217,137178,140653,3258,493
temporal,2,42,64.4,0.01306532663316583,0.2777777777777778,0.013,0.018090452261306532,0.02542132748171238,0.9929827305496506,13,982,5,139653,140653,995,18
temporal,2,42,124.4,0.0,,0.0,0.0,0.0,0.9987913517664039,0,170,0,140483,140653,170,0
temporal,2,123,0.1,0.9968896350622957,0.5949026197862806,0.4045860110167546,2.460864186621896,0.009290329726388534,0.4097886287530305,56409,176,82839,1229,140653,56585,139248
temporal,2,123,1.0,0.9571428571428572,0.5941813126799722,0.39857616539886875,2.3585480093676816,0.25032315506691527,0.5615450790242654,40870,1830,59840,38113,140653,42700,100710
temporal,2,123,5.0,0.7318607088784502,0.46628163750637,0.446423074190722,1.371248883885244,0.5144293384176305,0.8337966484895452,18852,6907,16470,98424,140653,25759,35322
temporal,2,123,10.0,0.3959809430735402,0.49849152935715946,0.28414270687237025,0.7895797703396042,0.37872761744194705,0.8838773435333764,6483,9889,6444,117837,140653,16372,12927
temporal,2,123,35.6,0.08962553713934929,0.45318352059925093,0.08342857142857144,0.16390423572744015,0.14845306105138617,0.9771920968624914,292,2966,242,137153,140653,3258,534
temporal,2,123,64.4,0.01507537688442211,0.34782608695652173,0.014955134596211365,0.023115577889447236,0.02915921214027974,0.9929756208541588,15,980,8,139650,140653,995,23
temporal,2,123,124.4,0.0,,0.0,0.0,0.0,0.9987913517664039,0,170,0,140483,140653,170,0
attention,2,13,0.1,0.8706547671644429,0.3866972077331972,0.5620892661555312,1.4196165061412036,0.4689886883030521,0.7271156676359551,49266,7319,31063,53005,140653,56585,80329
attention,2,13,1.0,0.8691100702576112,0.4170619836008922,0.535891178466737,1.490913348946136,0.5253178889347928,0.7714943868954093,37111,5589,26551,71402,140653,42700,63662
attention,2,13,5.0,0.7287938196358554,0.46322982787213357,0.44740228789323166,1.3577390426646998,0.5161595044170894,0.8351474906329762,18773,6986,16201,98693,140653,25759,34974
attention,2,13,10.0,0.4585878328854141,0.5222398981864461,0.3054640139956874,0.9598705106279013,0.3995121113638893,0.8786303882604708,7508,8864,8207,116074,140653,16372,15715
attention,2,13,35.6,0.08348680171884591,0.45708582834331335,0.07800401491253227,0.15377532228360957,0.13940565329902363,0.9771423289940492,272,2986,229,137166,140653,3258,501
attention,2,13,64.4,0.012060301507537688,0.2,0.012024048096192385,0.01507537688442211,0.023557202973339842,0.9929898402451423,12,983,3,139655,140653,995,15
attention,2,13,124.4,0.0,,0.0,0.0,0.0,0.9987913517664039,0,170,0,140483,140653,170,0
attention,2,42,0.1,0.9943978086065212,0.5921249112022848,0.40693999464819086,2.4379959353185474,0.018405737407952667,0.4169836405906735,56268,317,81686,2382,140653,56585,137954
attention,2,42,1.0,0.9488290398126463,0.5869441102705789,0.4040550109204057,2.297096018735363,0.26437241240927434,0.5751530361954598,40515,2185,57571,40382,140653,42700,98086
attention,2,42,5.0,0.7173026903218293,0.4622369684798743,0.44372133234072186,1.3338638922318413,0.5126762093902015,0.8353110136292863,18477,7282,15882,99012,140653,25759,34359
attention,2,42,10.0,0.4297581236257024,0.5107433419094639,0.29666483956655565,0.8783899340337161,0.3913177873058861,0.8814031695022502,7036,9336,7345,116936,140653,16372,14381
attention,2,42,35.6,0.09699201964395335,0.4616695059625213,0.08954378010767923,0.1801718845917741,0.15841720445344815,0.9771565483850326,316,2942,271,137124,140653,3258,587
attention,2,42,64.4,0.020100502512562814,0.3333333333333333,0.01990049751243781,0.03015075376884422,0.038626288840880645,0.992996949940634,20,975,10,139648,140653,995,30
attention,2,42,124.4,0.0,1.0,0.0,0.0058823529411764705,-1.4136436457219272e-05,0.9987842420709121,0,170,1,140482,140653,170,1
attention,2,123,0.1,0.985420164354511,0.5949528922077828,0.40263416324880136,2.4328532296545022,0.009052857868338175,0.4118291113591605,55760,825,81903,2165,140653,56585,137663
attention,2,123,1.0,0.9479156908665105,0.6148627432323136,0.37715595560897885,2.461241217798595,0.20410483977078614,0.5247666242454836,40476,2224,64619,33334,140653,42700,105095
attention,2,123,5.0,0.7272021429403316,0.4764234005087067,0.43762265208858986,1.3889126130672775,0.5029701345171924,0.8288554101227844,18732,7027,17045,97849,140653,25759,35777
attention,2,123,10.0,0.4673222575128268,0.5169518277669045,0.3115228013029316,0.9674444172978256,0.40719436280862453,0.879782158930133,7651,8721,8188,116093,140653,16372,15839
attention,2,123,35.6,0.10865561694290976,0.44773790951638065,0.0998589562764457,0.1967464702271332,0.1753039933310031,0.977312961685851,354,2904,287,137108,140653,3258,641
attention,2,123,64.4,0.01306532663316583,0.23529411764705882,0.013013013013013013,0.017085427135678392,0.02546008170532311,0.9929898402451423,13,982,4,139654,140653,995,17
attention,2,123,124.4,0.0,,0.0,0.0,0.0,0.9987913517664039,0,170,0,140483,140653,170,0
persistence,2,n/a,0.1,0.7489440664487055,0.24773231561196415,0.6007711827164344,0.9955818679862154,0.5833568825460335,0.7997767555615592,42379,14206,13956,70112,140653,56585,56335
persistence,2,n/a,1.0,0.69096018735363,0.30580456930425165,0.5297233244160368,0.9953395784543325,0.5590088742493803,0.8137757459847995,29504,13196,12997,84956,140653,42700,42501
persistence,2,n/a,5.0,0.5513024573935323,0.44583626004838833,0.3819115748709122,0.9948367560852518,0.45276979387893895,0.8365978685132915,14201,11558,11425,103469,140653,25759,25626
persistence,2,n/a,10.0,0.4315294405081847,0.5662450884086444,0.27603047470209024,0.9948692890300513,0.3581162519416091,0.8682573425380191,7065,9307,9223,115058,140653,16372,16288
persistence,2,n/a,35.6,0.24125230202578268,0.7563546187228767,0.13794313794313795,0.9901780233271946,0.2245699949240673,0.9650771757445629,786,2472,2440,134955,140653,3258,3226
persistence,2,n/a,64.4,0.1628140703517588,0.8346938775510204,0.08935466078323222,0.9849246231155779,0.1581404256950481,0.9882618927431338,162,833,818,138840,140653,995,980
persistence,2,n/a,124.4,0.12352941176470589,0.8711656441717791,0.0673076923076923,0.9588235294117647,0.12509089761795758,0.997931078611903,21,149,142,140341,140653,170,163
lstm,3,13,0.1,0.9781463414634146,0.5632548966806327,0.43252464879873875,2.2396274944567627,0.10860615628760933,0.4843078414461163,55143,1232,71116,12802,140293,56375,126259
lstm,3,13,1.0,0.9353626456219466,0.5708481955235621,0.4167913845252174,2.1795612551672305,0.29505830885789397,0.6027955778264061,39824,2752,52973,44744,140293,42576,92797
lstm,3,13,5.0,0.7289098051417681,0.4794022056168227,0.4361516442086155,1.400140017891175,0.5006099345205073,0.8273042846043637,18741,6970,17258,97324,140293,25711,35999
lstm,3,13,10.0,0.3774842536537638,0.5154631083202512,0.2693280977312391,0.7790619458203388,0.35891668914670566,0.8806283991360937,6173,10180,6567,117373,140293,16353,12740
lstm,3,13,35.6,0.04528763769889841,0.46953405017921146,0.043542218299499856,0.08537331701346389,0.08007972202632505,0.9768270690626047,148,3120,131,136894,140293,3268,279
lstm,3,13,64.4,0.007021063189568706,0.125,0.0070140280561122245,0.00802407221664995,0.013818772510390865,0.9929362120704526,7,990,1,139295,140293,997,8
lstm,3,13,124.4,0.0,,0.0,0.0,0.0,0.9987882503047194,0,170,0,140123,140293,170,0
lstm,3,42,0.1,0.986749445676275,0.5794773326882517,0.41816131699616627,2.346483370288248,0.06003293189675547,0.44828323579936274,55628,747,76655,7263,140293,56375,132283
lstm,3,42,1.0,0.9628429161969184,0.633028672712136,0.36184692517499184,2.6237551672303647,0.1640254313585797,0.48467136635470054,40994,1582,70715,27002,140293,42576,111709
lstm,3,42,5.0,0.7662090155964373,0.4975643347190696,0.4356479433878815,1.5249893041888687,0.4951394467438057,0.8180949869202312,19700,6011,19509,95073,140293,25711,39209
lstm,3,42,10.0,0.3831101326973644,0.5181139912314437,0.2713413313699164,0.7950223200635969,0.3608661309322199,0.8800795478035255,6265,10088,6736,117204,140293,16353,13001
lstm,3,42,35.6,0.05477356181150551,0.47352941176470587,0.05220180810731992,0.10403916768665851,0.09525188388681913,0.9768341970019887,179,3089,161,136864,140293,3268,340
lstm,3,42,64.4,0.012036108324974924,0.42857142857142855,0.011928429423459244,0.02106318956870612,0.023289269094906206,0.9929148282523006,12,985,9,139287,140293,997,21
lstm,3,42,124.4,0.0,,0.0,0.0,0.0,0.9987882503047194,0,170,0,140123,140293,170,0
lstm,3,123,0.1,0.9887184035476718,0.5837608560909858,0.4142715928262986,2.375361419068736,0.04665883196810166,0.4382613530254539,55739,636,78172,5746,140293,56375,133911
lstm,3,123,1.0,0.9574642991356633,0.6228605791470071,0.3709247413581314,2.5387542277339348,0.18720786272191975,0.5072027827475355,40765,1811,67325,30392,140293,42576,108090
lstm,3,123,5.0,0.7171638598265334,0.4818613538651755,0.4302246902634219,1.3841157481233712,0.49392999621727646,0.8259357202426351,18439,7272,17148,97434,140293,25711,35587
lstm,3,123,10.0,0.3425671130679386,0.5038965639390719,0.2541396361656762,0.6905155017427995,0.34268962419513693,0.8828095485875989,5602,10751,5690,118250,140293,16353,11292
lstm,3,123,35.6,0.03763769889840881,0.4434389140271493,0.036541889483065956,0.06762545899632803,0.06775626924209563,0.9768840925776767,123,3145,98,136927,140293,3268,221
lstm,3,123,64.4,0.00802407221664995,0.4666666666666667,0.00796812749003984,0.015045135406218655,0.01560289507732817,0.9929005723735326,8,989,7,139289,140293,997,15
lstm,3,123,124.4,0.0,,0.0,0.0,0.0,0.9987882503047194,0,170,0,140123,140293,170,0
temporal,3,13,0.1,0.9619334811529934,0.5360244355273402,0.455610165931527,2.073241685144124,0.18311928097940258,0.5381380396741106,54229,2146,62650,21268,140293,56375,116879
temporal,3,13,1.0,0.9108652762119503,0.5307520116159478,0.44864645997223507,1.9411170612551671,0.36504558639036944,0.6602895368977783,38781,3795,43864,53853,140293,42576,82645
temporal,3,13,5.0,0.7506125782738906,0.4905496013938018,0.4357023524630875,1.4733771537474232,0.49716344173982135,0.8218371550968331,19299,6412,18583,95999,140293,25711,37882
temporal,3,13,10.0,0.3423225096312603,0.502841918294849,0.25428117192823074,0.6885586742493732,0.3430045607045264,0.8829806191328149,5598,10755,5662,118278,140293,16353,11260
temporal,3,13,35.6,0.016829865361077112,0.47619047619047616,0.016576250753465943,0.032129742962056305,0.031206906173976354,0.9767415337899966,55,3213,50,136975,140293,3268,105
temporal,3,13,64.4,0.0020060180541624875,0.0,0.0020060180541624875,0.0020060180541624875,0.003975662453247461,0.9929077003129165,2,995,0,139296,140293,997,2
temporal,3,13,124.4,0.0,,0.0,0.0,0.0,0.9987882503047194,0,170,0,140123,140293,170,0
temporal,3,42,0.1,0.9970909090909091,0.5936838148659491,0.4058350841473716,2.453977827050998,0.014834070771084324,0.41339910045404976,56211,164,82132,1786,140293,56375,138343
temporal,3,42,1.0,0.946566140548666,0.5834694172850735,0.4069615971079179,2.27250093949643,0.2714041516627549,0.5813903758562438,40301,2275,56453,41264,140293,42576,96754
temporal,3,42,5.0,0.6982614445179106,0.46745965828191743,0.4329153605015674,1.3111897631364007,0.5003446501027535,0.8323722495063902,17953,7758,15759,98823,140293,25711,33712
temporal,3,42,10.0,0.3421390570537516,0.4967620075553157,0.255759736697751,0.6798752522472941,0.34559532112025376,0.8839500188890393,5595,10758,5523,118417,140293,16353,11118
temporal,3,42,35.6,0.08261933904528763,0.5045871559633027,0.07620660457239628,0.16676866585067318,0.13586654981487378,0.9766702543961566,270,2998,275,136750,140293,3268,545
temporal,3,42,64.4,0.017051153460381142,0.5853658536585366,0.01665034280117532,0.041123370110330994,0.0322119783941998,0.9928435488584605,17,980,24,139272,140293,997,41
temporal,3,42,124.4,0.0,,0.0,0.0,0.0,0.9987882503047194,0,170,0,140123,140293,170,0
temporal,3,123,0.1,0.9428115299334812,0.5214854827819041,0.4650171917514589,1.9702882483370288,0.21787404650939227,0.5641407625469553,53151,3224,57924,25994,140293,56375,111075
temporal,3,123,1.0,0.8768555054490793,0.47049145450677254,0.4928578972382109,1.6559798947764,0.4534582724562842,0.7261802085635064,37333,5243,33172,64545,140293,42576,70505
temporal,3,123,5.0,0.7251371008517755,0.4826428393040486,0.4325352635486266,1.4016179845202443,0.49607795700718904,0.825650602667275,18644,7067,17393,97189,140293,25711,36037
temporal,3,123,10.0,0.3629303491714059,0.5028896892537064,0.26546495504763606,0.7300801076255121,0.3562197457706106,0.8829449794358949,5935,10418,6004,117936,140293,16353,11939
temporal,3,123,35.6,0.019583843329253364,0.3786407766990291,0.019352887813728455,0.031517747858017135,0.036599537289736556,0.9768840925776767,64,3204,39,136986,140293,3268,103
temporal,3,123,64.4,0.0,,0.0,0.0,0.0,0.9928934444341485,0,997,0,139296,140293,997,0
temporal,3,123,124.4,0.0,,0.0,0.0,0.0,0.9987882503047194,0,170,0,140123,140293,170,0
attention,3,13,0.1,0.9907050997782705,0.5816435831941333,0.41672076105204253,2.3680886917960087,0.05340661295885343,0.4427804665949121,55851,524,77650,6268,140293,56375,133501
attention,3,13,1.0,0.92815201052236,0.559006349808613,0.426436310268917,2.104683389703119,0.3167907179099453,0.6211428938008311,39517,3059,50092,47625,140293,42576,89609
attention,3,13,5.0,0.6604955077593248,0.4631216211943979,0.4207631318136769,1.2302516432655284,0.48898533521220516,0.8333630330807666,16982,8729,14649,99933,140293,25711,31631
attention,3,13,10.0,0.3103406102855745,0.4800737629341256,0.241218689101193,0.5968935363541857,0.3303256815863887,0.8862095756737685,5075,11278,4686,119254,140293,16353,9761
attention,3,13,35.6,0.015605875152998777,0.39285714285714285,0.015449863677673432,0.025703794369645042,0.029296312256238338,0.9768341970019887,51,3217,33,136992,140293,3268,84
attention,3,13,64.4,0.0020060180541624875,0.0,0.0020060180541624875,0.0020060180541624875,0.003975662453247461,0.9929077003129165,2,995,0,139296,140293,997,2
attention,3,13,124.4,0.0,,0.0,0.0,0.0,0.9987882503047194,0,170,0,140123,140293,170,0
attention,3,42,0.1,0.9959379157427938,0.5923799014091665,0.4069435384503878,2.4432993348115297,0.01909658011044979,0.41676348784329936,56146,229,81595,2323,140293,56375,137741
attention,3,42,1.0,0.9673524990605036,0.6239991966184942,0.37128922624789273,2.572740511086058,0.18554090078814525,0.5028903794202134,41186,1390,68351,29366,140293,42576,109537
attention,3,42,5.0,0.7994632647504959,0.5237157355701276,0.4254548465216401,1.6785422581774339,0.476753235397409,0.8021426585788315,20555,5156,22602,91980,140293,25711,43157
attention,3,42,10.0,0.49941906683788906,0.5562377743968703,0.3071455434373825,1.1254204121567908,0.3953038714021496,0.8686819727285039,8167,8186,10237,113703,140293,16353,18404
attention,3,42,35.6,0.07160342717258263,0.5698529411764706,0.06539966461710453,0.1664626682986536,0.1168989238209381,0.9761641706998924,234,3034,310,136715,140293,3268,544
attention,3,42,64.4,0.012036108324974924,0.14285714285714285,0.012012012012012012,0.014042126379137413,0.023546688276881483,0.9929647238279886,12,985,2,139294,140293,997,14
attention,3,42,124.4,0.0,,0.0,0.0,0.0,0.9987882503047194,0,170,0,140123,140293,170,0
attention,3,123,0.1,0.8274235033259424,0.3432360892092814,0.5776379824898146,1.259849223946785,0.5149659535520131,0.7568873714297933,46646,9729,24378,59540,140293,56375,71024
attention,3,123,1.0,0.8233511837655016,0.37655616418866045,0.5498909786820185,1.3206501315295003,0.5563420338726973,0.7954709073154042,35055,7521,21173,76544,140293,42576,56228
attention,3,123,5.0,0.6153786317140524,0.4334312110577956,0.41840539468464893,1.0861498969312746,0.4932628855065316,0.8432352291276115,15822,9889,12104,102478,140293,25711,27926
attention,3,123,10.0,0.3201858986118755,0.49081007488087136,0.24467289719626167,0.628814284840702,0.3331342411461299,0.8847839877969678,5236,11117,5047,118893,140293,16353,10283
attention,3,123,35.6,0.06731946144430845,0.5329087048832272,0.0625177607274794,0.144124847001224,0.11246988077065163,0.9764849279721726,220,3048,251,136774,140293,3268,471
attention,3,123,64.4,0.010030090270812437,0.09090909090909091,0.01002004008016032,0.011033099297893681,0.0196892203108953,0.9929575958886045,10,987,1,139295,140293,997,11
attention,3,123,124.4,0.0,,0.0,0.0,0.0,0.9987882503047194,0,170,0,140123,140293,170,0
persistence,3,n/a,0.1,0.731689578713969,0.26347647531470403,0.5799018711954,0.9934368070953437,0.5564505929542183,0.787002915327208,41249,15126,14756,69162,140293,56375,56005
persistence,3,n/a,1.0,0.668381247651259,0.32607871927248616,0.5050492501552932,0.9917794062382563,0.5287006170216279,0.801216026458911,28457,14119,13769,83948,140293,42576,42226
persistence,3,n/a,5.0,0.5216833262027926,0.47255210381439244,0.35551844783715014,0.9890708257166193,0.4185805776299564,0.8266841538779555,13413,12298,12017,102565,140293,25711,25430
persistence,3,n/a,10.0,0.39625756741882223,0.5990843284043804,0.24888615762789984,0.9883813367577814,0.3197434670822781,0.860606017406428,6480,9873,9683,114257,140293,16353,16163
persistence,3,n/a,35.6,0.20012239902080783,0.7950485741146975,0.11266149870801033,0.976438188494492,0.18372030101462838,0.9632839842329981,654,2614,2537,134488,140293,3268,3191
persistence,3,n/a,64.4,0.12437311935807423,0.8725590955806783,0.06717226435536294,0.9759277833500501,0.11970869909663014,0.987725688380746,124,873,849,138447,140293,997,973
persistence,3,n/a,124.4,0.09411764705882353,0.9006211180124224,0.050793650793650794,0.9470588235294117,0.09561064133962938,0.997868746124183,16,154,145,139978,140293,170,161
lstm,4,13,0.1,0.9412099846882456,0.5215104859659127,0.46460367541724157,1.9670441192180323,0.21840509453637272,0.5645781513566057,52864,3302,57617,26125,139908,56166,110481
lstm,4,13,1.0,0.9053328308286616,0.5230561139652049,0.4542875716565215,1.8981956941630942,0.3772055090944251,0.6699974268805214,38435,4019,42151,55303,139908,42454,80586
lstm,4,13,5.0,0.7755841121495327,0.5134481495053133,0.4265064885005782,1.5940420560747663,0.48086591136270124,0.8085813534608457,19917,5763,21018,93210,139908,25680,40935
lstm,4,13,10.0,0.49795069431700006,0.566306143108317,0.3017497034400949,1.1481617422156971,0.38704888629501144,0.8653686708408382,8140,8207,10629,112932,139908,16347,18769
lstm,4,13,35.6,0.06312900274473925,0.5595744680851064,0.05844155844155844,0.14333638304361085,0.10517107599392346,0.9761629070532064,207,3072,263,136366,139908,3279,470
lstm,4,13,64.4,0.013930348258706468,0.5882352941176471,0.013658536585365854,0.03383084577114428,0.026491314920067805,0.9927738227978385,14,991,20,138883,139908,1005,34
lstm,4,13,124.4,0.0,,0.0,0.0,0.0,0.9987777682477056,0,171,0,139737,139908,171,0
lstm,4,42,0.1,0.9844567888046148,0.5779450266775565,0.41926115770158173,2.332532136879963,0.06585108452504096,0.45257597850015724,55293,873,75716,8026,139908,56166,131009
lstm,4,42,1.0,0.9163565270645876,0.5404958482453964,0.44100709637925956,1.99422904791068,0.3489122539160193,0.6475469594304829,38903,3551,45760,51694,139908,42454,84663
lstm,4,42,5.0,0.7308800623052959,0.4904712780975133,0.4290351338377489,1.4344236760124611,0.49017793557324313,0.8214683935157389,18769,6911,18067,96161,139908,25680,36836
lstm,4,42,10.0,0.3790297913990335,0.522466281310212,0.26792354925192424,0.7937236190126629,0.3560282790968107,0.8789919089687509,6196,10151,6779,116782,139908,16347,12975
lstm,4,42,35.6,0.028057334553217444,0.5376884422110553,0.027170702894270527,0.06068923452272034,0.050357063036768936,0.9764559567715928,92,3187,107,136522,139908,3279,199
lstm,4,42,64.4,0.009950248756218905,0.16666666666666666,0.009930486593843098,0.011940298507462687,0.01949947166612363,0.9928738885553363,10,995,2,138901,139908,1005,12
lstm,4,42,124.4,0.0,,0.0,0.0,0.0,0.9987777682477056,0,171,0,139737,139908,171,0
lstm,4,123,0.1,0.9898337072250116,0.5797617427850091,0.4184322432544312,2.3554107467150946,0.06044742680282487,0.4477084941533007,55595,571,76699,7043,139908,56166,132294
lstm,4,123,1.0,0.9332218401092948,0.5770273732758252,0.4105468223785789,2.206340980826306,0.28245930984594364,0.5934185321782885,39619,2835,54049,43405,139908,42454,93668
lstm,4,123,5.0,0.7334890965732087,0.4978137997227258,0.4246933621933622,1.4605919003115264,0.4836790494559972,0.8176230094061812,18836,6844,18672,95556,139908,25680,37508
lstm,4,123,10.0,0.3823331498134214,0.5399337504600662,0.2639135208174985,0.8310393344344528,0.3485173588728169,0.8754038368070446,6250,10097,7335,116226,139908,16347,13585
lstm,4,123,35.6,0.02958218969197926,0.5800865800865801,0.02842074421330208,0.07044830741079597,0.05234729099234136,0.9762987105812391,97,3182,134,136495,139908,3279,231
lstm,4,123,64.4,0.0,,0.0,0.0,0.0,0.9928167081224805,0,1005,0,138903,139908,1005,0
lstm,4,123,124.4,0.0,,0.0,0.0,0.0,0.9987777682477056,0,171,0,139737,139908,171,0
temporal,4,13,0.1,0.9922016878538618,0.5857331886234222,0.41292234736218136,2.395078873339743,0.04170775270769311,0.433684992995397,55728,438,78794,4948,139908,56166,134522
temporal,4,13,1.0,0.9520657652989117,0.6022221784828563,0.3899678717184289,2.393461157959203,0.2326629161924461,0.5480744489235784,40419,2035,61193,36261,139908,42454,101612
temporal,4,13,5.0,0.733411214953271,0.4994817826676234,0.42347386172006746,1.465303738317757,0.48195243485124917,0.8167295651428081,18834,6846,18795,95433,139908,25680,37629
temporal,4,13,10.0,0.3047042270753043,0.5045260121356809,0.23255053924086092,0.614975224811892,0.31652982696370974,0.8825085055893873,4981,11366,5072,118489,139908,16347,10053
temporal,4,13,35.6,0.007319304666056725,0.5,0.007266121707538601,0.01463860933211345,0.01376045219725106,0.9765631700831975,24,3255,24,136605,139908,3279,48
temporal,4,13,64.4,0.0,,0.0,0.0,0.0,0.9928167081224805,0,1005,0,138903,139908,1005,0
temporal,4,13,124.4,0.0,,0.0,0.0,0.0,0.9987777682477056,0,171,0,139737,139908,171,0
temporal,4,42,0.1,0.9790442616529573,0.5746420476960326,0.42152022935287536,2.301694975608019,0.07571188856888234,0.4606098293164079,54989,1177,74288,9454,139908,56166,129277
temporal,4,42,1.0,0.906863899750318,0.5355962461701769,0.4432624113475177,1.9527488575870353,0.355631871100051,0.6543728736026532,38500,3954,44402,53052,139908,42454,82902
temporal,4,42,5.0,0.6831775700934579,0.47888076991623596,0.4196928376632697,1.310981308411215,0.48373246459969604,0.8266146324727678,17544,8136,16122,98106,139908,25680,33666
temporal,4,42,10.0,0.3070899859301401,0.5057109098070106,0.23367313689894334,0.6212760751208173,0.3177294596808559,0.8823298167367127,5020,11327,5136,118425,139908,16347,10156
temporal,4,42,35.6,0.009149130832570906,0.3617021276595745,0.009101941747572815,0.014333638304361086,0.017388829421934846,0.9766560882865883,30,3249,17,136612,139908,3279,47
temporal,4,42,64.4,0.0,,0.0,0.0,0.0,0.9928167081224805,0,1005,0,138903,139908,1005,0
temporal,4,42,124.4,0.0,,0.0,0.0,0.0,0.9987777682477056,0,171,0,139737,139908,171,0
temporal,4,123,0.1,0.9675426414556849,0.549939542510725,0.44336659351059404,2.149805932414628,0.14680334280874915,0.5123509734968694,54343,1823,66403,17339,139908,56166,120746
temporal,4,123,1.0,0.9183586941159844,0.5614052850055685,0.42213536309401356,2.0938663023507798,0.3104451939067788,0.6185278897561255,38988,3466,49905,47549,139908,42454,88893
temporal,4,123,5.0,0.7526090342679128,0.5010326844632622,0.4286601459400714,1.5083333333333333,0.4867995458798282,0.8158790062040769,19327,6353,19407,94821,139908,25680,38734
temporal,4,123,10.0,0.36263534593503394,0.5215882495359535,0.2598860149057431,0.7579984094940968,0.34673363103233046,0.8793349915658861,5928,10419,6463,117098,139908,16347,12391
temporal,4,123,35.6,0.007014333638304361,0.54,0.0069570477918935265,0.015248551387618176,0.013123182213054847,0.9765345798667696,23,3256,27,136602,139908,3279,50
temporal,4,123,64.4,0.0,,0.0,0.0,0.0,0.9928167081224805,0,1005,0,138903,139908,1005,0
temporal,4,123,124.4,0.0,,0.0,0.0,0.0,0.9987777682477056,0,171,0,139737,139908,171,0
attention,4,13,0.1,0.9815012641099597,0.5574900865321325,0.4388498372035632,2.2180322615105226,0.12673917659765171,0.4961689109986563,55127,1039,69451,14291,139908,56166,124578
attention,4,13,1.0,0.9104442455363452,0.5180007731540947,0.4601812055766552,1.8888915061007208,0.3871042477890257,0.6759227492352117,38652,3802,41539,55915,139908,42454,80191
attention,4,13,5.0,0.7841121495327102,0.5131763454378415,0.42928410011512386,1.6106697819314642,0.4837834022041837,0.8086599765560225,20136,5544,21226,93002,139908,25680,41362
attention,4,13,10.0,0.42252401052180827,0.5397787846481876,0.28251799738219896,0.9180889459839726,0.3701140508318428,0.8746247534093833,6907,9440,8101,115460,139908,16347,15008
attention,4,13,35.6,0.03202195791399817,0.5414847161572053,0.030855127828386716,0.06983836535529125,0.056977632178507695,0.9764273665551648,105,3174,124,136505,139908,3279,229
attention,4,13,64.4,0.0009950248756218905,0.0,0.0009950248756218905,0.0009950248756218905,0.0019738188601201023,0.9928238556765875,1,1004,0,138903,139908,1005,1
attention,4,13,124.4,0.0,,0.0,0.0,0.0,0.9987777682477056,0,171,0,139737,139908,171,0
attention,4,42,0.1,0.9240465762204892,0.4876401832253988,0.4916541937439609,1.8035110209023253,0.2951409969898276,0.616447951510993,51900,4266,49396,34346,139908,56166,101296
attention,4,42,1.0,0.9019644792010175,0.5023652336642928,0.4720996178029836,1.812502944363311,0.4110595822756711,0.6939560282471339,38292,4162,38656,58798,139908,42454,76948
attention,4,42,5.0,0.7321261682242991,0.5119412283889725,0.41410982136957336,1.5000778816199376,0.4686443881990009,0.8098750607542099,18801,6879,19721,94507,139908,25680,38522
attention,4,42,10.0,0.42570502232825597,0.5531368394015282,0.2787949200753175,0.9526518627271059,0.3634565983349575,0.8713297309660634,6959,9388,8614,114947,139908,16347,15573
attention,4,42,35.6,0.05001524855138762,0.574025974025974,0.046857142857142854,0.11741384568465996,0.08501305049015911,0.9761557594990994,164,3115,221,136408,139908,3279,385
attention,4,42,64.4,0.001990049751243781,0.5,0.0019860973187686196,0.003980099502487562,0.003907589910662359,0.9928167081224805,2,1003,2,138901,139908,1005,4
attention,4,42,124.4,0.0,,0.0,0.0,0.0,0.9987777682477056,0,171,0,139737,139908,171,0
attention,4,123,0.1,0.9750738881173664,0.5499363109668406,0.44494455051387255,2.166524231741623,0.14761316900224775,0.5116862509649198,54766,1400,66919,16823,139908,56166,121685
attention,4,123,1.0,0.9026475714891412,0.5231037272105034,0.45356737051415585,1.8927545107645922,0.3764822008246145,0.6700188695428424,38321,4133,42034,55420,139908,42454,80355
attention,4,123,5.0,0.7016744548286604,0.5102867237396386,0.40532211624977504,1.4328271028037383,0.4601125678556253,0.8110401120736483,18019,7661,18776,95452,139908,25680,36795
attention,4,123,10.0,0.3214657123631247,0.5292905768541741,0.2361161035226456,0.6829387655227259,0.31728848584272806,0.878484432627155,5255,11092,5909,117652,139908,16347,11164
attention,4,123,35.6,0.006709362610551998,0.5217391304347826,0.006660611565243718,0.014028667276608722,0.012592771138074627,0.9765488749749835,22,3257,24,136605,139908,3279,46
attention,4,123,64.4,0.0,,0.0,0.0,0.0,0.9928167081224805,0,1005,0,138903,139908,1005,0
attention,4,123,124.4,0.0,,0.0,0.0,0.0,0.9987777682477056,0,171,0,139737,139908,171,0
persistence,4,n/a,0.1,0.7179966527792615,0.2757233427324485,0.563872032215666,0.9913292739379695,0.5354360790954469,0.7770606398490436,40327,15839,15352,68390,139908,56166,55679
persistence,4,n/a,1.0,0.6551090592170349,0.3371150729335494,0.49139545566981163,0.9882696565694634,0.5116675997423036,0.7942505074763416,27812,14642,14144,83310,139908,42454,41956
persistence,4,n/a,5.0,0.5059579439252336,0.48520147390942586,0.34258819806992563,0.9828271028037383,0.401423217154904,0.8217900334505532,12993,12687,12246,101982,139908,25680,25239
persistence,4,n/a,10.0,0.3792133113109439,0.6131669266770671,0.23684713254116838,0.9803021961216125,0.30227303273053613,0.8572347542670898,6199,10148,9826,113735,139908,16347,16025
persistence,4,n/a,35.6,0.18084781945715156,0.8116264294790343,0.10164552622557423,0.9600487953644404,0.16537166285461163,0.9625396689252937,593,2686,2555,134074,139908,3279,3148
persistence,4,n/a,64.4,0.10348258706467661,0.8915537017726799,0.05591397849462366,0.954228855721393,0.09958989373723498,0.987448894988135,104,901,855,138048,139908,1005,959
persistence,4,n/a,124.4,0.04093567251461988,0.95625,0.021604938271604937,0.935672514619883,0.04116309761219742,0.9977342253480859,7,164,153,139584,139908,171,160
