model,horizon,threshold_mm,n_seeds,POD_mean,POD_std,FAR_mean,FAR_std,CSI_mean,CSI_std,Bias_mean,Bias_std,HSS_mean,HSS_std,Accuracy_mean,Accuracy_std
attention,1,0.1,3,0.9779475175557472,0.02385359171067313,0.5581632926472041,0.03878764847268417,0.43686524584216735,0.03325211451656367,2.228010583314267,0.25021761245461427,0.11646666298278045,0.1111388326002435,0.4883279179025411,0.08181123879834723
attention,1,1.0,3,0.9372899551904407,0.03708581176616907,0.5316746205520382,0.07714924751827253,0.4520228407631155,0.06545455640730113,2.0510331092855365,0.45226361297307766,0.3580831021871194,0.14054895434583844,0.6431573259334243,0.11569048832389818
attention,1,5.0,3,0.7378813690568377,0.03280922260190792,0.4108621555026315,0.019698706068179368,0.4864666414784335,0.003219956877949817,1.2546461204893913,0.09767361827886047,0.5663572012140564,0.00457639709819297,0.8575918676511188,0.006028498482330845
attention,1,10.0,3,0.5213133406477305,0.03697421607332902,0.4451496155217875,0.023385123944810318,0.3665750380530252,0.009883120005998263,0.9423788045024178,0.10259804307974622,0.4777306844062658,0.008563376489624498,0.8955046025262572,0.003529752577897406
attention,1,35.6,3,0.20630050117622992,0.020777873398748852,0.41917172923833723,0.020634818739047784,0.17921945691349617,0.014542008781029465,0.3561419658381917,0.04563847303908586,0.2952845876890318,0.02047255166547048,0.9782320919136644,0.00020234039950951265
attention,1,64.4,3,0.0763819095477387,0.013926036643769868,0.43407450555042243,0.08433950386467337,0.07170428878466785,0.011603444208547937,0.1390284757118928,0.04223896341515069,0.1321901882552359,0.019994263116943904,0.9930531467310383,0.00013400320314588298
attention,1,124.4,3,0.027777777777777773,0.009092412093166349,0.3119047619047619,0.07835467939002065,0.027348988308685245,0.008750412033382289,0.041666666666666664,0.017857142857142856,0.05305819081141633,0.016595030243230863,0.9988272465778961,4.087059379992815e-06
attention,2,0.1,3,0.950157580041825,0.06899762652179377,0.5245916703810883,0.11942847855873755,0.45722114135084113,0.090843974737178,2.0968218903714178,0.5864827032216557,0.16548242785978098,0.2628857293295219,0.5186428065285964,0.18056118812362668
attention,2,1.0,3,0.921951600312256,0.045764385994584246,0.5396229457012615,0.10705491389861162,0.4390340483320405,0.0849521485167323,2.0830835284933644,0.5193602340886572,0.33126504703828447,0.17073495296516564,0.6238046824454508,0.13036059307814316
attention,2,5.0,3,0.7244328842993388,0.006226002593434494,0.4672967322869048,0.007919501061704269,0.44291542410751444,0.004939375990762558,1.3601718493212729,0.027604878691558258,0.5106019494414945,0.006834967837538421,0.833104638128349,0.0036808475824239434
attention,2,10.0,3,0.4518894046746478,0.019657511135531477,0.5166450226209381,0.005754415574639036,0.3045505516217249,0.007470981653798032,0.9352349539864809,0.049374672005329405,0.3993414204928,0.00793966396981908,0.8799385722309513,0.0013929923884198204
attention,2,35.6,3,0.096378146101903,0.012595632000419396,0.45549774794073844,0.0071002707278181795,0.0891355837655524,0.010933187261513353,0.17689789236750564,0.021671851736976163,0.15770895036115828,0.017959647049909946,0.9772039463549776,9.467737081301196e-05
attention,2,64.4,3,0.015075376884422112,0.004380802958332336,0.25620915032679736,0.06908345234888266,0.014979186207214402,0.004290570081453664,0.020770519262981575,0.00818545509070058,0.029214524506514534,0.008206169495044144,0.9929922101436395,4.104784606035694e-06
attention,2,124.4,3,0.0,0.0,1.0,0.0,0.0,0.0,0.00196078431372549,0.003396178054056622,-4.712145485739757e-06,8.161675393957587e-06,0.9987889818679067,4.104784606035694e-06
attention,3,0.1,3,0.9380221729490023,0.09581698639866887,0.5057531912708604,0.1408462760568198,0.4671007606640816,0.09585278596454068,2.023745750184774,0.6626217528157015,0.1958230488737721,0.2769177491483044,0.5388104419560017,0.18930763632875014
attention,3,1.0,3,0.9062852311161217,0.07444939041304134,0.5198539035385892,0.12828366658001816,0.44920550506627605,0.09145202932097929,1.9993580107728928,0.6326552427899559,0.3528912175235959,0.18801809654515525,0.6398347268454829,0.14718315050570147
attention,3,5.0,3,0.691779134741291,0.09594679263998679,0.47342285594077377,0.04601532809379312,0.42154112433998864,0.0035885438660774767,1.3316479327914124,0.30893863964048374,0.4863338187053819,0.008568257787956663,0.8262469735957366,0.02145060757933166
attention,3,10.0,3,0.37664852524511305,0.10643630413441957,0.5090405374039557,0.041225010410895754,0.2643457099116124,0.0371059591004765,0.7837094111172261,0.2963604894711521,0.35292126471155605,0.03673126752669056,0.8798918453997467,0.009734167102414443
attention,3,35.6,3,0.05150958792329661,0.031167218894365488,0.49853959630561356,0.0933691858912183,0.04778909634075246,0.028043641336938162,0.11209710322317422,0.0756478514306582,0.08622170561594268,0.04934855025685281,0.9764944318913512,0.0003351142413193432
attention,3,64.4,3,0.00802407221664995,0.00530742489681964,0.07792207792207792,0.07230862808870159,0.008012690048778274,0.005296420431055057,0.009027081243731194,0.0062637893664978924,0.015737190347008084,0.010366781977737076,0.9929433400098366,3.10699674505734e-05
attention,3,124.4,3,0.0,0.0,,,0.0,0.0,0.0,0.0,0.0,0.0,0.9987882503047194,0.0
attention,4,0.1,3,0.9602072428159385,0.031480520119717983,0.5316888602414572,0.038333788509244425,0.4584828604871322,0.02888839550944994,2.062689171384824,0.22592754269525195,0.1898311141965757,0.09179629322675903,0.5414343711581897,0.06542533827132271
attention,4,1.0,3,0.9050187654088346,0.00471100092645208,0.5144899113429635,0.010805826744594722,0.46194939796459816,0.009391800979266464,1.8647163204095414,0.04525934356425279,0.39154867696310375,0.017711960366247306,0.6799658823417293,0.012470248020643915
attention,4,5.0,3,0.7393042575285566,0.04168497453009241,0.5118014325221508,0.0014498743231627464,0.4162386792448241,0.012122012810609135,1.5145249221183799,0.08979722915660897,0.47084678608626995,0.011988119828797519,0.8098583831279602,0.0011901554007687377
attention,4,10.0,3,0.3898982484043963,0.059285653414701794,0.5407354003012967,0.011951878283356377,0.265809673660054,0.025782676486104945,0.8512265247446015,0.14676248236994413,0.3502863783365095,0.028770229408373458,0.8748129723342005,0.0035810625151694144
attention,4,35.6,3,0.02958218969197926,0.021755787529139137,0.5457499402059872,0.026403079466648577,0.0281242940835911,0.02023693088591851,0.06709362610551999,0.0517472122319461,0.051527817935580485,0.0365164287933568,0.976377333676416,0.00020127695114402738
attention,4,64.4,3,0.0009950248756218905,0.0009950248756218905,0.25,0.3535533905932738,0.00099370739813017,0.0009930493148455322,0.001658374792703151,0.002071309452205107,0.0019604695902608205,0.001953829158276613,0.9928190906405162,4.126642287737242e-06
attention,4,124.4,3,0.0,0.0,,,0.0,0.0,0.0,0.0,0.0,0.0,0.9987777682477056,0.0
lstm,1,0.1,3,0.9667775450700177,0.02242300498068643,0.5360718505413392,0.04399868879076842,0.4560371422867082,0.038744683989771524,2.099913761241838,0.25400179541293433,0.17600343043648337,0.12102637243285404,0.5308655958507654,0.08633702132364666
lstm,1,1.0,3,0.9332213094349017,0.020910103158024395,0.5224717916959452,0.05476918770071585,0.46100805923902727,0.047970887302254184,1.9754247572815533,0.2790718462264335,0.37986657247293204,0.09622030795587809,0.6636226990318295,0.07394605441744592
lstm,1,5.0,3,0.7744953796912911,0.016536132394171125,0.432470652985293,0.015567845213008262,0.4868453114102062,0.008523930893236758,1.36572711785659,0.06153794675689885,0.5624909467926285,0.011168782704309576,0.8506709706953224,0.0063936854960555504
lstm,1,10.0,3,0.5541874923808362,0.009386809703766937,0.45865381793494814,0.007464759542911102,0.37704852823466867,0.0026359947091708987,1.0239749685074566,0.029711867835424396,0.48738374035289506,0.003019160999907063,0.8936640639563557,0.001498379737052873
lstm,1,35.6,3,0.23217755957860284,0.010736567933220965,0.4313486971247067,0.010225844134885037,0.19729958023541747,0.006454662894340813,0.40861204868569095,0.026447861485353743,0.32045527632451987,0.008689395110807881,0.9782155742598322,0.00011531013521229025
lstm,1,64.4,3,0.11859296482412061,0.02139075040582187,0.49305977710233034,0.051457201115622395,0.10559040708771535,0.015168769661245547,0.23785594639865995,0.06283081853772544,0.1886144806872421,0.024323266412963486,0.9929516811432104,0.0001502237579776208
lstm,1,124.4,3,0.03373015873015873,0.014979830228711804,0.36305361305361306,0.1039634225988312,0.03289211159375677,0.01432974072648754,0.05555555555555555,0.028129854918170293,0.06332502690047982,0.026884982170191793,0.9988248869130629,7.078994499642999e-06
lstm,2,0.1,3,0.953356307619805,0.055656917059654615,0.5252606424684795,0.08538180276760506,0.46021844761546055,0.06482965295567832,2.0611940738122585,0.4422688756743512,0.1848933935902302,0.1925282093442468,0.5355496624079591,0.1331530773178613
lstm,2,1.0,3,0.9297501951600312,0.045159271495117184,0.5499576585942739,0.08444431495545321,0.4322630936853949,0.06698312899843138,2.124145199063232,0.46721581294379155,0.32007800819673843,0.14204119171336008,0.6160740735474299,0.11449113677756433
lstm,2,5.0,3,0.7595662357493174,0.030143605929050313,0.48510790492417416,0.02666482491015187,0.44193356247571325,0.010287451168865827,1.4798581725481064,0.1353888216567056,0.5047254363960042,0.017586165610511354,0.8240539957673613,0.013997380508809491
lstm,2,10.0,3,0.44714553302386184,0.03764109186238475,0.5258153178593332,0.02027992184431906,0.2979277216083734,0.008792409429342073,0.9464125743138693,0.12051529213125757,0.3902293130402526,0.006850481935978508,0.8775331252562454,0.005293598407133463
lstm,2,35.6,3,0.10067526089625538,0.01567482545709479,0.4383228514665321,0.020211534987626734,0.09311915477307363,0.012789472221672172,0.1800695723347657,0.034861766213843876,0.16433403297438723,0.0205285963826138,0.9773295509753318,8.889488947272163e-05
lstm,2,64.4,3,0.022445561139028476,0.004749563443469958,0.332459167241776,0.08219717619778245,0.022160300490320372,0.00457154363137282,0.03450586264656617,0.011070493562384126,0.042883722525646546,0.00863843013083038,0.9929993198391314,2.1720478506004357e-05
lstm,2,124.4,3,0.00196078431372549,0.003396178054056622,0.5,0.0,0.001949317738791423,0.0033763173636820218,0.00392156862745098,0.006792356108113244,0.003866708311933109,0.006697335254317031,0.9987913517664039,0.0
lstm,3,0.1,3,0.9845380635624538,0.0056222577598633245,0.5754976951532901,0.010816733749936698,0.4216525195404012,0.009614306240541364,2.320490761271249,0.07150270180402385,0.07176597338415548,0.03259779048486805,0.45695081009031097,0.02421600518325391
lstm,3,1.0,3,0.9518899536515094,0.014563526818766999,0.6089124824609017,0.03335438482004123,0.3831876836861135,0.02945349247927501,2.4473568833771764,0.23577990540987312,0.2154305343127978,0.06992705585274195,0.5315565756428807,0.06271493247421288
lstm,3,5.0,3,0.7374275601882463,0.025608024902311132,0.4862759647336892,0.009853036345308529,0.434008092619973,0.003286187558991286,1.4364150234011384,0.07712487742742687,0.4965597924938632,0.0035592738685049563,0.8237783305890766,0.004969259355950608
lstm,3,10.0,3,0.3677204998063556,0.021964341034107663,0.512491221163589,0.0075602840328535675,0.2649363550889439,0.009404261377269916,0.7548665892089117,0.05629813700336479,0.3541574814246875,0.009979172956552748,0.8811724985090726,0.0014440426468831859
lstm,3,35.6,3,0.04589963280293757,0.008584308530664345,0.4621674586570222,0.016341955712660804,0.044095305296628584,0.007844596340753213,0.08567931456548349,0.0182087827990353,0.08102929171841326,0.01377238062656136,0.9768484528807567,3.1069967450535194e-05
lstm,3,64.4,3,0.009027081243731194,0.0026537124484098196,0.34007936507936504,0.18723557822590856,0.008970194989870436,0.002605943141265388,0.014710799063858242,0.00652598505380914,0.017570312227541747,0.005032457061073156,0.9929172042320952,1.7938254071279403e-05
lstm,3,124.4,3,0.0,0.0,,,0.0,0.0,0.0,0.0,0.0,0.0,0.9987882503047194,0.0
lstm,4,0.1,3,0.9718334935726242,0.026656655552011858,0.5597390851428261,0.03311939704501881,0.4340990254577515,0.026421052716601532,2.218329000937697,0.2179195414198697,0.11490120195474618,0.08967771023981588,0.4882875413366879,0.06611441585520599
lstm,4,1.0,3,0.9183037326675146,0.014046099704503885,0.5468597784954755,0.027542674417428283,0.4352804968047867,0.022425626944719373,2.03292190763336,0.15767445090542564,0.336192357618796,0.048636996097285064,0.636987639496431,0.03936630801276859
lstm,4,5.0,3,0.7466510903426791,0.02509066715154632,0.5005777424418508,0.01173514761043068,0.4267449948438964,0.002180690076524488,1.496352544132918,0.0856073860617117,0.4849076321306472,0.004776034994194154,0.8158909187942553,0.006615818449749555
lstm,4,10.0,3,0.41977121184315164,0.06772556130526018,0.542902058292865,0.022070149731298307,0.2778622578365059,0.020784071427647263,0.9243082318876042,0.19475859729166564,0.36386484142154635,0.020426170301207535,0.8732548055388779,0.007061296326887996
lstm,4,35.6,3,0.04025617566331199,0.01982311680390363,0.5591164967942474,0.02120277875905518,0.03801100184971035,0.017704417042488357,0.09149130832570906,0.045163521843267586,0.06929181000767792,0.031088286340880913,0.9763058581353462,0.000146655548851283
lstm,4,64.4,3,0.007960199004975124,0.0071752264188338095,0.37745098039215685,0.29809403520609357,0.007863007726402985,0.007060081944561832,0.015257048092868987,0.017157568366670067,0.015330262195397145,0.013728953793230143,0.9928214731585517,5.0202770167305187e-05
lstm,4,124.4,3,0.0,0.0,,,0.0,0.0,0.0,0.0,0.0,0.0,0.9987777682477056,0.0
temporal,1,0.1,3,0.9381720903218994,0.047962496610287654,0.50924332679843,0.09494629925261906,0.4719110659076354,0.0763729694163197,1.9700158984377294,0.45948284804339595,0.21974871554018474,0.21510446826344568,0.5601018431342012,0.14700888587355657
temporal,1,1.0,3,0.8900687702265372,0.028254555689350633,0.46458296272304106,0.07081659030204607,0.5006379775992911,0.05467433351597163,1.6840770475479214,0.24986540717225775,0.4598729552224609,0.09368808900487477,0.7258163850406688,0.061672707520310004
temporal,1,5.0,3,0.708236539156471,0.01669016053442416,0.38856519635156195,0.006732267393136003,0.4882734601843371,0.003631599014801145,1.1586133911517216,0.040149390711356474,0.5722155513028033,0.002437134575158613,0.8643098334312594,0.0012532219693739705
temporal,1,10.0,3,0.5165793002560038,0.006664847949694824,0.43689646085949924,0.004013016146373599,0.3687488455109775,0.002520360306789248,0.9174489008086472,0.017078714226431067,0.48114852893622695,0.002631521107760241,0.8973003074643278,0.0006554221283780052
temporal,1,35.6,3,0.22552930346732128,0.030578215039251747,0.4361242096357989,0.018454707718727082,0.19137022376583146,0.019464046835046406,0.4014523882581569,0.06856152603795006,0.3119332628159169,0.026468753391127905,0.9780739943698397,0.00017257847186430953
temporal,1,64.4,3,0.10586264656616416,0.023231810315022864,0.48649738212343685,0.04651325420625676,0.09543322733922899,0.01693628220749819,0.2100502512562814,0.06652173163164991,0.17195530391472943,0.02754628139106594,0.992968198797043,0.00014339696975843583
temporal,1,124.4,3,0.03571428571428571,0.015748519708717802,0.2282051282051282,0.2021091938352672,0.03501186331274558,0.015091542614312304,0.05158730158730159,0.030545246663374312,0.06727267872709737,0.0283273152974811,0.9988343255723957,4.087059379928716e-06
temporal,2,0.1,3,0.9858973226119997,0.011836201227068587,0.5815368455223486,0.012379295693100615,0.41588259338907685,0.010237096344271931,2.3579217107007153,0.09785912638275035,0.051408059916691055,0.03874920727889823,0.442358143800701,0.030123492858761557
temporal,2,1.0,3,0.9399297423887588,0.018677442671134956,0.5709928029341885,0.03067387428914788,0.4171549356368245,0.025189141873760684,2.2001639344262296,0.1939729660938075,0.2933287741488337,0.05643699180454451,0.5991766972620564,0.04768152517148663
temporal,2,5.0,3,0.7299972825032027,0.004747174187790309,0.46669235111856205,0.001958653058829707,0.4454327669359328,0.0009157812791631853,1.368841958150549,0.013477898528308446,0.5133259230123884,0.0009669050099492138,0.8335549188428258,0.0008302224951900019
temporal,2,10.0,3,0.4037177294567962,0.010250205710639669,0.5016617717295585,0.0034131521150288628,0.2870013931236355,0.004047434858390072,0.8102451339685642,0.026076345519813384,0.3815659852992887,0.004188646102758149,0.8832730194165784,0.0006597475633478064
temporal,2,35.6,3,0.09023941068139962,0.005855980364744908,0.43692849851950455,0.018089999685955538,0.0843350665105912,0.005420998584809524,0.16022099447513813,0.007746733863796167,0.15008601033566712,0.00907714708344022,0.9773058519903594,0.00014518409032624366
temporal,2,64.4,3,0.01742043551088777,0.005888909826213382,0.3065738372643743,0.03664776815206992,0.01727857720371225,0.005800485929046256,0.025125628140703515,0.00822648519786176,0.03359396114698761,0.011077116899651874,0.9929945800421368,2.69168727094532e-05
temporal,2,124.4,3,0.00196078431372549,0.003396178054056622,0.5,0.0,0.001949317738791423,0.0033763173636820218,0.00392156862745098,0.006792356108113244,0.003866708311933109,0.006697335254317031,0.9987913517664039,0.0
temporal,3,0.1,3,0.9672786400591278,0.02753163259285269,0.5503979110583979,0.038185041417562245,0.4421541472767858,0.03180296831497018,2.165835920177384,0.2547924084625956,0.13860913275329304,0.10859177182588858,0.5052259675583719,0.0805801808191482
temporal,3,1.0,3,0.9114289740698985,0.03485873603493422,0.5282376278025979,0.05653093500778505,0.44948865143945466,0.0429543427242105,1.9565326318426657,0.30854947659666015,0.36330267016980283,0.09103957404442406,0.6559533737725095,0.07249224542553487
temporal,3,5.0,3,0.724670374547859,0.0261786874473531,0.48021736632658935,0.011734502869776947,0.4337176588377605,0.0017292700810512473,1.3953949671346895,0.08127257764669941,0.4978620162832546,0.0022174697940409898,0.8266200024234994,0.005334028071738704
temporal,3,10.0,3,0.34913063861880594,0.01195125190989222,0.5008312050346237,0.003524109335751732,0.2585019545578726,0.006075283557970881,0.6995046780407265,0.0268326876241868,0.34827320919846355,0.007002756064741762,0.8832918724859163,0.0005702500004006252
temporal,3,35.6,3,0.03967768257853937,0.03721404968212231,0.4531394696176027,0.06606159467089827,0.037378581046530225,0.03365470229455331,0.07680538555691555,0.07791108705063576,0.0678909977595289,0.05893027130015051,0.9767652935879433,0.00010888107258751054
temporal,3,64.4,3,0.006352390504847877,0.009319531838693648,0.2926829268292683,0.41391616459700337,0.0062187869517792696,0.009089501921871636,0.014376462721497826,0.023185206884100047,0.012062546949149086,0.017562777788682496,0.9928815645351752,3.368532732390776e-05
temporal,3,124.4,3,0.0,0.0,,,0.0,0.0,0.0,0.0,0.0,0.0,0.9987882503047194,0.0
temporal,4,0.1,3,0.9795961969875013,0.012338785060815276,0.5701049262767266,0.018323083217362594,0.42593639007521694,0.015695218620027224,2.28219326045413,0.12379394798604382,0.08807432802844155,0.05362735492932452,0.46888193193622474,0.03998005607023452
temporal,4,1.0,3,0.9257627863884047,0.023492926574868706,0.5664079032195338,0.0335935016912417,0.41845521538665337,0.02683718696007688,2.146692105965673,0.22505500898780578,0.29957999373309196,0.062200324748974224,0.6069917374274524,0.05408004142219196
temporal,4,5.0,3,0.7230659397715472,0.03585318107631937,0.49313174568237383,0.012366044509470927,0.4239422817744695,0.004501968174401458,1.428206126687435,0.10377441894186037,0.4841614817769245,0.0024518693143418015,0.8197410679398843,0.005967853857782487
temporal,4,10.0,3,0.32480985298015946,0.032779550016554554,0.5106083904928816,0.009527275270358005,0.24203656368184912,0.015468265517539794,0.6647499031422687,0.08081700397372489,0.326997639225632,0.017102391911939168,0.8813911046306622,0.001782886179169677
temporal,4,35.6,3,0.007827589712310665,0.0011546016764867897,0.4672340425531915,0.09355607300349465,0.007775037082334981,0.0011594777549851878,0.014740266341364237,0.00046585093981456116,0.014757487944080251,0.002300977344086174,0.9765846127455186,6.352885051116718e-05
temporal,4,64.4,3,0.0,0.0,,,0.0,0.0,0.0,0.0,0.0,0.0,0.9928167081224805,0.0
temporal,4,124.4,3,0.0,0.0,,,0.0,0.0,0.0,0.0,0.0,0.0,0.9987777682477056,0.0
persistence,1,0.1,1,0.7867262711416956,0.0,0.2123171806167401,0.0,0.6490823023755591,0.0,0.9987856174871081,0.0,0.6441679490959442,0.0,0.8289219399276527,0.0
persistence,1,1.0,1,0.7368605302464526,0.0,0.2624681725805321,0.0,0.5837770874935286,0.0,0.9990898058252428,0.0,0.6228509879244011,0.0,0.8406447548190255,0.0
persistence,1,5.0,1,0.6208765680656652,0.0,0.37823271683920745,0.0,0.450664643228508,0.0,0.9985674461824376,0.0,0.5366685308532181,0.0,0.8616268945159029,0.0
persistence,1,10.0,1,0.5158478605388273,0.0,0.4837430610626487,0.0,0.34775641025641024,0.0,0.9992076069730587,0.0,0.45249092090626847,0.0,0.8876351203075116,0.0
persistence,1,35.6,1,0.34826633936790424,0.0,0.6506617420744845,0.0,0.21124139214591475,0.0,0.9969315741024855,0.0,0.33344744110271035,0.0,0.969999221310605,0.0
persistence,1,64.4,1,0.23115577889447236,0.0,0.7676767676767676,0.0,0.13105413105413105,0.0,0.9949748743718593,0.0,0.22630214441183408,0.0,0.9892045333880776,0.0
persistence,1,124.4,1,0.22023809523809523,0.0,0.7784431137724551,0.0,0.12416107382550336,0.0,0.9940476190476191,0.0,0.21997062516754193,0.0,0.9981523824355989,0.0
persistence,2,0.1,1,0.7489440664487055,0.0,0.24773231561196415,0.0,0.6007711827164344,0.0,0.9955818679862154,0.0,0.5833568825460335,0.0,0.7997767555615592,0.0
persistence,2,1.0,1,0.69096018735363,0.0,0.30580456930425165,0.0,0.5297233244160368,0.0,0.9953395784543325,0.0,0.5590088742493803,0.0,0.8137757459847995,0.0
persistence,2,5.0,1,0.5513024573935323,0.0,0.44583626004838833,0.0,0.3819115748709122,0.0,0.9948367560852518,0.0,0.45276979387893895,0.0,0.8365978685132915,0.0
persistence,2,10.0,1,0.4315294405081847,0.0,0.5662450884086444,0.0,0.27603047470209024,0.0,0.9948692890300513,0.0,0.3581162519416091,0.0,0.8682573425380191,0.0
persistence,2,35.6,1,0.24125230202578268,0.0,0.7563546187228767,0.0,0.13794313794313795,0.0,0.9901780233271946,0.0,0.2245699949240673,0.0,0.9650771757445629,0.0
persistence,2,64.4,1,0.1628140703517588,0.0,0.8346938775510204,0.0,0.08935466078323222,0.0,0.9849246231155779,0.0,0.1581404256950481,0.0,0.9882618927431338,0.0
persistence,2,124.4,1,0.12352941176470589,0.0,0.8711656441717791,0.0,0.0673076923076923,0.0,0.9588235294117647,0.0,0.12509089761795758,0.0,0.997931078611903,0.0
persistence,3,0.1,1,0.731689578713969,0.0,0.26347647531470403,0.0,0.5799018711954,0.0,0.9934368070953437,0.0,0.5564505929542183,0.0,0.787002915327208,0.0
persistence,3,1.0,1,0.668381247651259,0.0,0.32607871927248616,0.0,0.5050492501552932,0.0,0.9917794062382563,0.0,0.5287006170216279,0.0,0.801216026458911,0.0
persistence,3,5.0,1,0.5216833262027926,0.0,0.47255210381439244,0.0,0.35551844783715014,0.0,0.9890708257166193,0.0,0.4185805776299564,0.0,0.8266841538779555,0.0
persistence,3,10.0,1,0.39625756741882223,0.0,0.5990843284043804,0.0,0.24888615762789984,0.0,0.9883813367577814,0.0,0.3197434670822781,0.0,0.860606017406428,0.0
persistence,3,35.6,1,0.20012239902080783,0.0,0.7950485741146975,0.0,0.11266149870801033,0.0,0.976438188494492,0.0,0.18372030101462838,0.0,0.9632839842329981,0.0
persistence,3,64.4,1,0.12437311935807423,0.0,0.8725590955806783,0.0,0.06717226435536294,0.0,0.9759277833500501,0.0,0.11970869909663014,0.0,0.987725688380746,0.0
persistence,3,124.4,1,0.09411764705882353,0.0,0.9006211180124224,0.0,0.050793650793650794,0.0,0.9470588235294117,0.0,0.09561064133962938,0.0,0.997868746124183,0.0
persistence,4,0.1,1,0.7179966527792615,0.0,0.2757233427324485,0.0,0.563872032215666,0.0,0.9913292739379695,0.0,0.5354360790954469,0.0,0.7770606398490436,0.0
persistence,4,1.0,1,0.6551090592170349,0.0,0.3371150729335494,0.0,0.49139545566981163,0.0,0.9882696565694634,0.0,0.5116675997423036,0.0,0.7942505074763416,0.0
persistence,4,5.0,1,0.5059579439252336,0.0,0.48520147390942586,0.0,0.34258819806992563,0.0,0.9828271028037383,0.0,0.401423217154904,0.0,0.8217900334505532,0.0
persistence,4,10.0,1,0.3792133113109439,0.0,0.6131669266770671,0.0,0.23684713254116838,0.0,0.9803021961216125,0.0,0.30227303273053613,0.0,0.8572347542670898,0.0
persistence,4,35.6,1,0.18084781945715156,0.0,0.8116264294790343,0.0,0.10164552622557423,0.0,0.9600487953644404,0.0,0.16537166285461163,0.0,0.9625396689252937,0.0
persistence,4,64.4,1,0.10348258706467661,0.0,0.8915537017726799,0.0,0.05591397849462366,0.0,0.954228855721393,0.0,0.09958989373723498,0.0,0.987448894988135,0.0
persistence,4,124.4,1,0.04093567251461988,0.0,0.95625,0.0,0.021604938271604937,0.0,0.935672514619883,0.0,0.04116309761219742,0.0,0.9977342253480859,0.0
